logNf,stress_range,YTS,UTS,geometry_type,surface_condition,post_process,build_direction,stress_ratio,fatigue_life
4.022758194236769,720.0,643.0,935.0,1.0,1.0,0.0,90.0,0.1,10537.999999999998
4.873907403901613,558.0,643.0,935.0,1.0,1.0,0.0,90.0,0.1,74801.00000000004
5.3852898203768795,558.0,643.0,935.0,1.0,1.0,0.0,90.0,0.1,242823.0
6.036777759406455,495.0,643.0,935.0,1.0,1.0,0.0,90.0,0.1,1088372.9999999998
5.998248873370338,450.0,643.0,935.0,1.0,1.0,0.0,90.0,0.1,995975.9999999991
5.735551795352526,405.0,643.0,935.0,1.0,1.0,0.0,90.0,0.1,543940.9999999999
6.698970004336019,405.0,643.0,935.0,1.0,1.0,0.0,90.0,0.1,4999999.999999999
6.698970004336019,369.0,643.0,935.0,1.0,1.0,0.0,90.0,0.1,4999999.999999999
6.698970004336019,337.5,643.0,935.0,1.0,1.0,0.0,90.0,0.1,4999999.999999999
6.698970004336019,270.0,643.0,935.0,1.0,1.0,0.0,90.0,0.1,4999999.999999999
4.131361989115943,720.0,643.0,935.0,1.0,0.0,0.0,90.0,0.1,13532.0
4.716287212618217,558.0,643.0,935.0,1.0,0.0,0.0,90.0,0.1,52034.000000000015
4.702275403569469,468.0,643.0,935.0,1.0,0.0,0.0,90.0,0.1,50382.00000000003
4.842384546418397,405.0,643.0,935.0,1.0,0.0,0.0,90.0,0.1,69564.00000000004
4.894919445615208,405.0,643.0,935.0,1.0,0.0,0.0,90.0,0.1,78508.99999999996
5.402802837901361,342.0,643.0,935.0,1.0,0.0,0.0,90.0,0.1,252814.99999999994
5.605954385708093,270.0,643.0,935.0,1.0,0.0,0.0,90.0,0.1,403603.0
5.732049404748934,234.0,643.0,935.0,1.0,0.0,0.0,90.0,0.1,539572.0000000005
6.243432457097151,270.0,643.0,935.0,1.0,0.0,0.0,90.0,0.1,1751589.9999999984
6.698970004336019,225.0,643.0,935.0,1.0,0.0,0.0,90.0,0.1,4999999.999999999
6.698970004336019,198.0,643.0,935.0,1.0,0.0,0.0,90.0,0.1,4999999.999999999
5.956648579205203,1378.0,1210.0,1470.0,0.0,1.0,1.0,90.0,-1.0,905000.0
5.764922984649888,1378.0,1210.0,1470.0,0.0,1.0,1.0,90.0,-1.0,581999.9999999995
6.093421685162235,1378.0,1210.0,1470.0,0.0,1.0,1.0,90.0,-1.0,1239999.9999999988
6.02530586526477,1350.0,1210.0,1470.0,0.0,1.0,1.0,90.0,-1.0,1060000.0000000005
6.110589710299249,1350.0,1210.0,1470.0,0.0,1.0,1.0,90.0,-1.0,1289999.9999999995
5.7283537820212285,1350.0,1210.0,1470.0,0.0,1.0,1.0,90.0,-1.0,535000.0
6.02530586526477,1324.0,1210.0,1470.0,0.0,1.0,1.0,90.0,-1.0,1060000.0000000005
5.993876914941211,1324.0,1210.0,1470.0,0.0,1.0,1.0,90.0,-1.0,985999.9999999995
6.357934847000454,1324.0,1210.0,1470.0,0.0,1.0,1.0,90.0,-1.0,2280000.000000001
6.127104798364807,1298.0,1210.0,1470.0,0.0,1.0,1.0,90.0,-1.0,1339999.9999999988
6.02938377768521,1298.0,1210.0,1470.0,0.0,1.0,1.0,90.0,-1.0,1070000.0000000002
6.781036938621132,1298.0,1210.0,1470.0,0.0,1.0,1.0,90.0,-1.0,6040000.000000006
6.096910013008056,1298.0,1210.0,1470.0,0.0,1.0,1.0,90.0,-1.0,1249999.9999999995
6.474216264076255,1280.0,1210.0,1470.0,0.0,1.0,1.0,90.0,-1.0,2980000.0000000005
7.049218022670182,1280.0,1210.0,1470.0,0.0,1.0,1.0,90.0,-1.0,11200000.00000001
6.545307116465824,1280.0,1210.0,1470.0,0.0,1.0,1.0,90.0,-1.0,3509999.999999998
7.103803720955957,1280.0,1210.0,1470.0,0.0,1.0,1.0,90.0,-1.0,12700000.000000011
7.079181246047625,1272.0,1210.0,1470.0,0.0,1.0,1.0,90.0,-1.0,12000000.000000007
8.942999593366041,1272.0,1210.0,1470.0,0.0,1.0,1.0,90.0,-1.0,877000000.0000012
6.161368002234975,1272.0,1210.0,1470.0,0.0,1.0,1.0,90.0,-1.0,1450000.0000000012
8.348304863048162,1272.0,1210.0,1470.0,0.0,1.0,1.0,90.0,-1.0,223000000.00000045
7.721810615212546,1272.0,1210.0,1470.0,0.0,1.0,1.0,90.0,-1.0,52699999.99999996
7.61066016308988,1254.0,1210.0,1470.0,0.0,1.0,1.0,90.0,-1.0,40799999.99999996
8.117271295655764,1254.0,1210.0,1470.0,0.0,1.0,1.0,90.0,-1.0,130999999.99999979
8.495544337546448,1254.0,1210.0,1470.0,0.0,1.0,1.0,90.0,-1.0,312999999.9999999
8.931457870689005,1254.0,1210.0,1470.0,0.0,1.0,1.0,90.0,-1.0,854000000.0000005
9.0,1236.0,1210.0,1470.0,0.0,1.0,1.0,90.0,-1.0,1000000000.0
5.830992624810913,540.0,1226.0,1402.0,0.0,0.0,1.0,90.0,0.1,677630.0000000001
6.142363808194124,486.2,1226.0,1402.0,0.0,0.0,1.0,90.0,0.1,1387918.000000001
6.390047781500483,432.4,1226.0,1402.0,0.0,0.0,1.0,90.0,0.1,2454978.999999998
7.03014839601532,414.0,1226.0,1402.0,0.0,0.0,1.0,90.0,0.1,10718855.00000001
7.298308645065224,414.6,1226.0,1402.0,0.0,0.0,1.0,90.0,0.1,19875068.999999993
8.10612605092992,414.0,1226.0,1402.0,0.0,0.0,1.0,90.0,0.1,127680934.0000001
8.649023785666932,396.2,1226.0,1402.0,0.0,0.0,1.0,90.0,0.1,445680657.0000002
8.769694176747116,396.2,1226.0,1402.0,0.0,0.0,1.0,90.0,0.1,588429146.9999995
6.4514657372263065,593.8,1205.0,1395.0,0.0,1.0,1.0,90.0,0.1,2827910.999999999
7.144594816650869,485.6,1205.0,1395.0,0.0,1.0,1.0,90.0,0.1,13950661.999999993
7.345715972659299,486.2,1205.0,1395.0,0.0,1.0,1.0,90.0,0.1,22167461.999999978
7.599980799159619,414.0,1205.0,1395.0,0.0,1.0,1.0,90.0,0.1,39808956.99999997
8.146349515911037,414.0,1205.0,1395.0,0.0,1.0,1.0,90.0,0.1,140071415.0
8.00538693355953,387.0,1205.0,1395.0,0.0,1.0,1.0,90.0,0.1,101248112.00000016
8.377273511972918,360.2,1205.0,1395.0,0.0,1.0,1.0,90.0,0.1,238382029.00000042
9.000737199461941,360.2,1205.0,1395.0,0.0,1.0,1.0,90.0,0.1,1001698906.0000002
6.032839880496706,648.8,1104.0,1374.0,0.0,1.0,1.0,90.0,0.1,1078549.0000000002
6.43555835067673,721.0,1104.0,1374.0,0.0,1.0,1.0,90.0,0.1,2726203.9999999977
6.690310754083358,721.6,1104.0,1374.0,0.0,1.0,1.0,90.0,0.1,4901294.000000004
7.28647122293355,648.8,1104.0,1374.0,0.0,1.0,1.0,90.0,0.1,19340657.0
7.839547692317124,649.4,1104.0,1374.0,0.0,1.0,1.0,90.0,0.1,69111082.00000007
7.976613103746707,595.0,1104.0,1374.0,0.0,1.0,1.0,90.0,0.1,94757393.0
8.388903606109064,595.0,1104.0,1374.0,0.0,1.0,1.0,90.0,0.1,244851971.99999988
8.324855535100037,541.2,1104.0,1374.0,0.0,1.0,1.0,90.0,0.1,211278611.99999982
4.460521992900201,1600.0,1106.0,1309.0,0.0,1.0,1.0,0.0,-1.0,28875.000000000025
4.5789484916621115,1400.0,1106.0,1309.0,0.0,1.0,1.0,0.0,-1.0,37926.999999999985
5.039473607496469,1200.0,1106.0,1309.0,0.0,1.0,1.0,0.0,-1.0,109515.00000000007
5.153509989300837,1000.0,1106.0,1309.0,0.0,1.0,1.0,0.0,-1.0,142399.99999999994
5.456139715856649,1000.0,1106.0,1309.0,0.0,1.0,1.0,0.0,-1.0,285851.0000000001
5.587718820403613,920.0,1106.0,1309.0,0.0,1.0,1.0,0.0,-1.0,387007.0000000001
5.649122528346782,770.0,1106.0,1309.0,0.0,1.0,1.0,0.0,-1.0,445781.9999999999
5.780701741038929,830.0,1106.0,1309.0,0.0,1.0,1.0,0.0,-1.0,603534.0
5.929824418494349,800.0,1106.0,1309.0,0.0,1.0,1.0,0.0,-1.0,850793.9999999998
6.035087771800812,800.0,1106.0,1309.0,0.0,1.0,1.0,0.0,-1.0,1084145.9999999993
6.030701706457933,830.0,1106.0,1309.0,0.0,1.0,1.0,0.0,-1.0,1073251.9999999993
6.3947368556091115,770.0,1106.0,1309.0,0.0,1.0,1.0,0.0,-1.0,2481629.000000001
6.482456088861908,770.0,1106.0,1309.0,0.0,1.0,1.0,0.0,-1.0,3037079.0000000005
6.600877209745619,800.0,1106.0,1309.0,0.0,1.0,1.0,0.0,-1.0,3989121.000000004
6.421052648259519,860.0,1106.0,1309.0,0.0,1.0,1.0,0.0,-1.0,2636650.9999999986
6.807017557704768,740.0,1106.0,1309.0,0.0,1.0,1.0,0.0,-1.0,6412354.999999997
7.0,800.0,1106.0,1309.0,0.0,1.0,1.0,0.0,-1.0,10000000.0
7.0,770.0,1106.0,1309.0,0.0,1.0,1.0,0.0,-1.0,10000000.0
7.0,740.0,1106.0,1309.0,0.0,1.0,1.0,0.0,-1.0,10000000.0
7.0,710.0,1106.0,1309.0,0.0,1.0,1.0,0.0,-1.0,10000000.0
5.313270182317603,1200.0,634.0,980.0,0.0,1.0,0.0,90.0,-1.0,205716.99999999985
5.683369485777344,1200.0,634.0,980.0,0.0,1.0,0.0,90.0,-1.0,482357.9999999997
5.88089872851153,1120.0,634.0,980.0,0.0,1.0,0.0,90.0,-1.0,760149.0000000001
6.115814798341578,1040.0,634.0,980.0,0.0,1.0,0.0,90.0,-1.0,1305613.999999999
6.750730422246053,960.0,634.0,980.0,0.0,1.0,0.0,90.0,-1.0,5632879.000000006
7.535772909427286,960.0,634.0,980.0,0.0,1.0,0.0,90.0,-1.0,34337835.00000002
6.809945560278987,880.0,634.0,980.0,0.0,1.0,0.0,90.0,-1.0,6455733.0
8.052261671176177,1040.0,634.0,980.0,0.0,1.0,0.0,90.0,-1.0,112787682.00000018
8.418018641072743,960.0,634.0,980.0,0.0,1.0,0.0,90.0,-1.0,261829539.00000033
8.451663471345338,960.0,634.0,980.0,0.0,1.0,0.0,90.0,-1.0,282919884.0000003
8.481569987107827,960.0,634.0,980.0,0.0,1.0,0.0,90.0,-1.0,303088869.0000006
8.586242791664684,960.0,634.0,980.0,0.0,1.0,0.0,90.0,-1.0,385693918.99999964
8.611813144580587,880.0,634.0,980.0,0.0,1.0,0.0,90.0,-1.0,409084613.0000001
9.000594332075066,880.0,634.0,980.0,0.0,1.0,0.0,90.0,-1.0,1001369436.9999998
5.2814379139425585,756.0,985.0,1161.0,1.0,1.0,1.0,90.0,0.1,191178.00000000006
5.149699343067494,738.0,985.0,1161.0,1.0,1.0,1.0,90.0,0.1,141156.00000000015
5.371258170916232,692.0,985.0,1161.0,1.0,1.0,1.0,90.0,0.1,235102.99999999988
5.610778300666236,702.0,985.0,1161.0,1.0,1.0,1.0,90.0,0.1,408111.0000000003
5.712574787784864,720.0,985.0,1161.0,1.0,1.0,1.0,90.0,0.1,515911.0
7.0,684.0,985.0,1161.0,1.0,1.0,1.0,90.0,0.1,10000000.0
5.287425476926228,738.0,1078.0,1148.0,1.0,1.0,1.0,90.0,0.1,193832.0000000001
5.233534200476322,702.0,1078.0,1148.0,1.0,1.0,1.0,90.0,0.1,171212.00000000003
5.6137720755561284,720.0,1078.0,1148.0,1.0,1.0,1.0,90.0,0.1,410934.0000000003
5.42814451693074,684.0,1078.0,1148.0,1.0,1.0,1.0,90.0,0.1,268006.0
5.724551108677466,666.0,1078.0,1148.0,1.0,1.0,1.0,90.0,0.1,530336.0
6.73053890571077,648.0,1078.0,1148.0,1.0,1.0,1.0,90.0,0.1,5376986.000000001
7.0,638.0,1078.0,1148.0,1.0,1.0,1.0,90.0,0.1,10000000.0
4.314372900009328,558.0,556.0,780.0,1.0,1.0,0.0,90.0,0.1,20624.00000000001
5.386227781265643,540.0,556.0,780.0,1.0,1.0,0.0,90.0,0.1,243347.99999999983
5.365268910445575,522.0,556.0,780.0,1.0,1.0,0.0,90.0,0.1,231882.99999999988
5.685628896923803,504.0,556.0,780.0,1.0,1.0,0.0,90.0,0.1,484874.0000000001
5.377246130640713,468.0,556.0,780.0,1.0,1.0,0.0,90.0,0.1,238367.00000000023
5.6047907008224,468.0,556.0,780.0,1.0,1.0,0.0,90.0,0.1,402523.0000000002
7.0,468.0,556.0,780.0,1.0,1.0,0.0,90.0,0.1,10000000.0
7.0,450.0,556.0,780.0,1.0,1.0,0.0,90.0,0.1,10000000.0
3.884285462339675,776.0,602.0,986.0,1.0,0.0,0.0,0.0,0.1,7660.999999999999
4.693498312707836,676.0,602.0,986.0,1.0,0.0,0.0,0.0,0.1,49374.00000000001
5.474829381344924,508.0,602.0,986.0,1.0,0.0,0.0,0.0,0.1,298421.00000000006
6.1384792227336336,388.0,602.0,986.0,1.0,0.0,0.0,0.0,0.1,1375558.9999999986
7.081564868687119,332.0,602.0,986.0,1.0,0.0,0.0,0.0,0.1,12066042.999999994
3.95567733545887,716.8240906813953,628.486973363388,927.1227449700443,1.0,1.0,0.0,90.0,0.1,9029.783453362583
3.95567733545887,720.0,652.466163481251,929.9882341427215,1.0,1.0,0.0,90.0,0.1,9029.783453362583
3.95567733545887,723.1759093186047,630.1608717360375,930.6166763514606,1.0,1.0,0.0,90.0,0.1,9029.783453362583
4.022758194236769,716.8240906813953,640.8398378495457,938.8449274395299,1.0,1.0,0.0,90.0,0.1,10537.999999999998
4.022758194236769,723.1759093186047,646.6344446285201,930.6245665150585,1.0,1.0,0.0,90.0,0.1,10537.999999999998
4.089839053014669,716.8240906813953,643.0955982804088,942.1075543958846,1.0,1.0,0.0,90.0,0.1,12298.129249007237
4.089839053014669,720.0,652.2079742190916,932.0515095438221,1.0,1.0,0.0,90.0,0.1,12298.129249007237
4.089839053014669,723.1759093186047,657.0970476674096,938.4789577008422,1.0,1.0,0.0,90.0,0.1,12298.129249007237
4.064281130338044,716.8240906813953,630.2099822704538,927.248331357885,1.0,0.0,0.0,90.0,0.1,11595.277063095702
4.064281130338044,720.0,633.3072518208692,938.7997287186764,1.0,0.0,0.0,90.0,0.1,11595.277063095702
4.064281130338044,723.1759093186047,633.7553907232732,935.1915535782383,1.0,0.0,0.0,90.0,0.1,11595.277063095702
4.131361989115943,716.8240906813953,631.110609956641,942.018705442551,1.0,0.0,0.0,90.0,0.1,13532.0
4.131361989115943,723.1759093186047,638.4388216664267,941.8060178111567,1.0,0.0,0.0,90.0,0.1,13532.0
4.198442847893842,716.8240906813953,656.004134312612,926.7641920825108,1.0,0.0,0.0,90.0,0.1,15792.20772419491
4.198442847893842,720.0,641.9516377188883,927.0731554915149,1.0,0.0,0.0,90.0,0.1,15792.20772419491
4.198442847893842,723.1759093186047,654.9464747558928,935.3069645603899,1.0,0.0,0.0,90.0,0.1,15792.20772419491
6.414392441646767,719.8244082341221,1103.9167063775196,1371.5179797928129,0.0,1.0,1.0,90.0,0.1,2596524.6006116825
6.414392441646767,721.0,1103.9771725240294,1376.803707763648,0.0,1.0,1.0,90.0,0.1,2596524.6006116825
6.414392441646767,722.1755917658779,1104.0378023190444,1376.341244469158,0.0,1.0,1.0,90.0,0.1,2596524.6006116825
6.43555835067673,719.8244082341221,1103.9738309539994,1371.09087727025,0.0,1.0,1.0,90.0,0.1,2726203.9999999977
6.43555835067673,722.1755917658779,1104.0929468949723,1370.925032502031,0.0,1.0,1.0,90.0,0.1,2726203.9999999977
6.456724259706693,719.8244082341221,1104.087721450605,1373.163649411479,0.0,1.0,1.0,90.0,0.1,2862360.0361287287
6.456724259706693,721.0,1103.9039977177767,1375.2046806170943,0.0,1.0,1.0,90.0,0.1,2862360.0361287287
6.456724259706693,722.1755917658779,1104.0941662836574,1376.9654181233734,0.0,1.0,1.0,90.0,0.1,2862360.0361287287
6.6691448450533946,720.4244082341221,1103.9335574949425,1371.9699714032204,0.0,1.0,1.0,90.0,0.1,4668150.45602987
6.6691448450533946,721.6,1104.012842951929,1374.874449586324,0.0,1.0,1.0,90.0,0.1,4668150.45602987
6.6691448450533946,722.775591765878,1104.046916137901,1371.9687139367315,0.0,1.0,1.0,90.0,0.1,4668150.45602987
6.690310754083358,720.4244082341221,1104.0899466520716,1374.8835850015248,0.0,1.0,1.0,90.0,0.1,4901294.000000004
6.690310754083358,722.775591765878,1104.068007029443,1374.2551654524273,0.0,1.0,1.0,90.0,0.1,4901294.000000004
6.711476663113321,720.4244082341221,1103.9832017613962,1377.0390220513534,0.0,1.0,1.0,90.0,0.1,5146081.537154792
6.711476663113321,721.6,1104.0160924364388,1376.3364980027081,0.0,1.0,1.0,90.0,0.1,5146081.537154792
6.711476663113321,722.775591765878,1104.0888268060305,1375.116776336539,0.0,1.0,1.0,90.0,0.1,5146081.537154792
5.602377432377356,768.8,1106.0,1309.0,0.0,1.0,1.0,0.0,-1.0,400292.4808905372
5.602377432377356,770.0,1106.0,1309.0,0.0,1.0,1.0,0.0,-1.0,400292.4808905372
5.602377432377356,771.2,1106.0,1309.0,0.0,1.0,1.0,0.0,-1.0,400292.4808905372
5.649122528346782,768.8,1106.0,1309.0,0.0,1.0,1.0,0.0,-1.0,445781.9999999999
5.649122528346782,771.2,1106.0,1309.0,0.0,1.0,1.0,0.0,-1.0,445781.9999999999
5.695867624316207,768.8,1106.0,1309.0,0.0,1.0,1.0,0.0,-1.0,496440.9800601319
5.695867624316207,770.0,1106.0,1309.0,0.0,1.0,1.0,0.0,-1.0,496440.9800601319
5.695867624316207,771.2,1106.0,1309.0,0.0,1.0,1.0,0.0,-1.0,496440.9800601319
5.880934297068291,798.8,1106.0,1309.0,0.0,1.0,1.0,0.0,-1.0,760211.2584702002
5.880934297068291,800.0,1106.0,1309.0,0.0,1.0,1.0,0.0,-1.0,760211.2584702002
5.880934297068291,801.2,1106.0,1309.0,0.0,1.0,1.0,0.0,-1.0,760211.2584702002
5.929824418494349,798.8,1106.0,1309.0,0.0,1.0,1.0,0.0,-1.0,850793.9999999998
5.929824418494349,801.2,1106.0,1309.0,0.0,1.0,1.0,0.0,-1.0,850793.9999999998
5.978714539920408,798.8,1106.0,1309.0,0.0,1.0,1.0,0.0,-1.0,952170.1005752388
5.978714539920408,800.0,1106.0,1309.0,0.0,1.0,1.0,0.0,-1.0,952170.1005752388
5.978714539920408,801.2,1106.0,1309.0,0.0,1.0,1.0,0.0,-1.0,952170.1005752388
5.996247232913743,798.8,1106.0,1309.0,0.0,1.0,1.0,0.0,-1.0,991396.1611533313
5.996247232913743,800.0,1106.0,1309.0,0.0,1.0,1.0,0.0,-1.0,991396.1611533313
5.996247232913743,801.2,1106.0,1309.0,0.0,1.0,1.0,0.0,-1.0,991396.1611533313
6.035087771800812,798.8,1106.0,1309.0,0.0,1.0,1.0,0.0,-1.0,1084145.9999999993
6.035087771800812,801.2,1106.0,1309.0,0.0,1.0,1.0,0.0,-1.0,1084145.9999999993
6.07392831068788,798.8,1106.0,1309.0,0.0,1.0,1.0,0.0,-1.0,1185573.0285949868
6.07392831068788,800.0,1106.0,1309.0,0.0,1.0,1.0,0.0,-1.0,1185573.0285949868
6.07392831068788,801.2,1106.0,1309.0,0.0,1.0,1.0,0.0,-1.0,1185573.0285949868
6.3507423163477155,768.8,1106.0,1309.0,0.0,1.0,1.0,0.0,-1.0,2242550.9370680256
6.3507423163477155,770.0,1106.0,1309.0,0.0,1.0,1.0,0.0,-1.0,2242550.9370680256
6.3507423163477155,771.2,1106.0,1309.0,0.0,1.0,1.0,0.0,-1.0,2242550.9370680256
6.3947368556091115,768.8,1106.0,1309.0,0.0,1.0,1.0,0.0,-1.0,2481629.000000001
6.3947368556091115,771.2,1106.0,1309.0,0.0,1.0,1.0,0.0,-1.0,2481629.000000001
6.438731394870508,768.8,1106.0,1309.0,0.0,1.0,1.0,0.0,-1.0,2746195.1440410884
6.438731394870508,770.0,1106.0,1309.0,0.0,1.0,1.0,0.0,-1.0,2746195.1440410884
6.438731394870508,771.2,1106.0,1309.0,0.0,1.0,1.0,0.0,-1.0,2746195.1440410884
6.438461549600512,768.8,1106.0,1309.0,0.0,1.0,1.0,0.0,-1.0,2744489.3484882796
6.438461549600512,770.0,1106.0,1309.0,0.0,1.0,1.0,0.0,-1.0,2744489.3484882796
6.438461549600512,771.2,1106.0,1309.0,0.0,1.0,1.0,0.0,-1.0,2744489.3484882796
6.482456088861908,768.8,1106.0,1309.0,0.0,1.0,1.0,0.0,-1.0,3037079.0000000005
6.482456088861908,771.2,1106.0,1309.0,0.0,1.0,1.0,0.0,-1.0,3037079.0000000005
6.526450628123304,768.8,1106.0,1309.0,0.0,1.0,1.0,0.0,-1.0,3360861.59610045
6.526450628123304,770.0,1106.0,1309.0,0.0,1.0,1.0,0.0,-1.0,3360861.59610045
6.526450628123304,771.2,1106.0,1309.0,0.0,1.0,1.0,0.0,-1.0,3360861.59610045
6.561866668957797,798.8,1106.0,1309.0,0.0,1.0,1.0,0.0,-1.0,3646419.824375367
6.561866668957797,800.0,1106.0,1309.0,0.0,1.0,1.0,0.0,-1.0,3646419.824375367
6.561866668957797,801.2,1106.0,1309.0,0.0,1.0,1.0,0.0,-1.0,3646419.824375367
6.600877209745619,798.8,1106.0,1309.0,0.0,1.0,1.0,0.0,-1.0,3989121.000000004
6.600877209745619,801.2,1106.0,1309.0,0.0,1.0,1.0,0.0,-1.0,3989121.000000004
6.639887750533441,798.8,1106.0,1309.0,0.0,1.0,1.0,0.0,-1.0,4364030.232137889
6.639887750533441,800.0,1106.0,1309.0,0.0,1.0,1.0,0.0,-1.0,4364030.232137889
6.639887750533441,801.2,1106.0,1309.0,0.0,1.0,1.0,0.0,-1.0,4364030.232137889
6.786812390880131,737.7550055679357,1106.0,1309.0,0.0,1.0,1.0,0.0,-1.0,6120859.220789826
6.786812390880131,740.0,1106.0,1309.0,0.0,1.0,1.0,0.0,-1.0,6120859.220789826
6.786812390880131,742.2449944320643,1106.0,1309.0,0.0,1.0,1.0,0.0,-1.0,6120859.220789826
6.807017557704768,737.7550055679357,1106.0,1309.0,0.0,1.0,1.0,0.0,-1.0,6412354.999999997
6.807017557704768,742.2449944320643,1106.0,1309.0,0.0,1.0,1.0,0.0,-1.0,6412354.999999997
6.827222724529404,737.7550055679357,1106.0,1309.0,0.0,1.0,1.0,0.0,-1.0,6717732.782738159
6.827222724529404,740.0,1106.0,1309.0,0.0,1.0,1.0,0.0,-1.0,6717732.782738159
6.827222724529404,742.2449944320643,1106.0,1309.0,0.0,1.0,1.0,0.0,-1.0,6717732.782738159
6.9541621524046136,798.8,1106.0,1309.0,0.0,1.0,1.0,0.0,-1.0,8998334.893858947
6.9541621524046136,800.0,1106.0,1309.0,0.0,1.0,1.0,0.0,-1.0,8998334.893858947
6.9541621524046136,801.2,1106.0,1309.0,0.0,1.0,1.0,0.0,-1.0,8998334.893858947
7.0,798.8,1106.0,1309.0,0.0,1.0,1.0,0.0,-1.0,10000000.0
7.0,801.2,1106.0,1309.0,0.0,1.0,1.0,0.0,-1.0,10000000.0
7.0458378475953864,798.8,1106.0,1309.0,0.0,1.0,1.0,0.0,-1.0,11113167.178101646
7.0458378475953864,800.0,1106.0,1309.0,0.0,1.0,1.0,0.0,-1.0,11113167.178101646
7.0458378475953864,801.2,1106.0,1309.0,0.0,1.0,1.0,0.0,-1.0,11113167.178101646
6.950296034578112,768.8,1106.0,1309.0,0.0,1.0,1.0,0.0,-1.0,8918586.618093884
6.950296034578112,770.0,1106.0,1309.0,0.0,1.0,1.0,0.0,-1.0,8918586.618093884
6.950296034578112,771.2,1106.0,1309.0,0.0,1.0,1.0,0.0,-1.0,8918586.618093884
7.0,768.8,1106.0,1309.0,0.0,1.0,1.0,0.0,-1.0,10000000.0
7.0,771.2,1106.0,1309.0,0.0,1.0,1.0,0.0,-1.0,10000000.0
7.049703965421888,768.8,1106.0,1309.0,0.0,1.0,1.0,0.0,-1.0,11212538.968576211
7.049703965421888,770.0,1106.0,1309.0,0.0,1.0,1.0,0.0,-1.0,11212538.968576211
7.049703965421888,771.2,1106.0,1309.0,0.0,1.0,1.0,0.0,-1.0,11212538.968576211
6.979794833175363,737.7550055679357,1106.0,1309.0,0.0,1.0,1.0,0.0,-1.0,9545415.406336406
6.979794833175363,740.0,1106.0,1309.0,0.0,1.0,1.0,0.0,-1.0,9545415.406336406
6.979794833175363,742.2449944320643,1106.0,1309.0,0.0,1.0,1.0,0.0,-1.0,9545415.406336406
7.0,737.7550055679357,1106.0,1309.0,0.0,1.0,1.0,0.0,-1.0,10000000.0
7.0,742.2449944320643,1106.0,1309.0,0.0,1.0,1.0,0.0,-1.0,10000000.0
7.020205166824637,737.7550055679357,1106.0,1309.0,0.0,1.0,1.0,0.0,-1.0,10476233.431770641
7.020205166824637,740.0,1106.0,1309.0,0.0,1.0,1.0,0.0,-1.0,10476233.431770641
7.020205166824637,742.2449944320643,1106.0,1309.0,0.0,1.0,1.0,0.0,-1.0,10476233.431770641
6.979794833175363,707.7550055679357,1106.0,1309.0,0.0,1.0,1.0,0.0,-1.0,9545415.406336406
6.979794833175363,710.0,1106.0,1309.0,0.0,1.0,1.0,0.0,-1.0,9545415.406336406
6.979794833175363,712.2449944320643,1106.0,1309.0,0.0,1.0,1.0,0.0,-1.0,9545415.406336406
7.0,707.7550055679357,1106.0,1309.0,0.0,1.0,1.0,0.0,-1.0,10000000.0
7.0,712.2449944320643,1106.0,1309.0,0.0,1.0,1.0,0.0,-1.0,10000000.0
7.020205166824637,707.7550055679357,1106.0,1309.0,0.0,1.0,1.0,0.0,-1.0,10476233.431770641
7.020205166824637,710.0,1106.0,1309.0,0.0,1.0,1.0,0.0,-1.0,10476233.431770641
7.020205166824637,712.2449944320643,1106.0,1309.0,0.0,1.0,1.0,0.0,-1.0,10476233.431770641
5.260629193080069,753.6696781338193,985.0,1161.0,1.0,1.0,1.0,90.0,0.1,182233.90983677228
5.260629193080069,756.0,985.0,1161.0,1.0,1.0,1.0,90.0,0.1,182233.90983677228
5.260629193080069,758.3303218661807,985.0,1161.0,1.0,1.0,1.0,90.0,0.1,182233.90983677228
5.2814379139425585,753.6696781338193,985.0,1161.0,1.0,1.0,1.0,90.0,0.1,191178.00000000006
5.2814379139425585,758.3303218661807,985.0,1161.0,1.0,1.0,1.0,90.0,0.1,191178.00000000006
5.302246634805048,753.6696781338193,985.0,1161.0,1.0,1.0,1.0,90.0,0.1,200561.06855599568
5.302246634805048,756.0,985.0,1161.0,1.0,1.0,1.0,90.0,0.1,200561.06855599568
5.302246634805048,758.3303218661807,985.0,1161.0,1.0,1.0,1.0,90.0,0.1,200561.06855599568
5.128890622205005,735.6696781338193,985.0,1161.0,1.0,1.0,1.0,90.0,0.1,134552.143954427
5.128890622205005,738.0,985.0,1161.0,1.0,1.0,1.0,90.0,0.1,134552.143954427
5.128890622205005,740.3303218661807,985.0,1161.0,1.0,1.0,1.0,90.0,0.1,134552.143954427
5.149699343067494,735.6696781338193,985.0,1161.0,1.0,1.0,1.0,90.0,0.1,141156.00000000015
5.149699343067494,740.3303218661807,985.0,1161.0,1.0,1.0,1.0,90.0,0.1,141156.00000000015
5.170508063929984,735.6696781338193,985.0,1161.0,1.0,1.0,1.0,90.0,0.1,148083.9751074399
5.170508063929984,738.0,985.0,1161.0,1.0,1.0,1.0,90.0,0.1,148083.9751074399
5.170508063929984,740.3303218661807,985.0,1161.0,1.0,1.0,1.0,90.0,0.1,148083.9751074399
5.306677822791749,690.0461320413089,985.0,1161.0,1.0,1.0,1.0,90.0,0.1,202617.90602930606
5.306677822791749,692.0,985.0,1161.0,1.0,1.0,1.0,90.0,0.1,202617.90602930606
5.306677822791749,693.9538679586911,985.0,1161.0,1.0,1.0,1.0,90.0,0.1,202617.90602930606
5.371258170916232,690.0461320413089,985.0,1161.0,1.0,1.0,1.0,90.0,0.1,235102.99999999988
5.371258170916232,693.9538679586911,985.0,1161.0,1.0,1.0,1.0,90.0,0.1,235102.99999999988
5.435838519040716,690.0461320413089,985.0,1161.0,1.0,1.0,1.0,90.0,0.1,272796.32729500893
5.435838519040716,692.0,985.0,1161.0,1.0,1.0,1.0,90.0,0.1,272796.32729500893
5.435838519040716,693.9538679586911,985.0,1161.0,1.0,1.0,1.0,90.0,0.1,272796.32729500893
5.546197952541752,700.0461320413089,985.0,1161.0,1.0,1.0,1.0,90.0,0.1,351720.7192061617
5.546197952541752,702.0,985.0,1161.0,1.0,1.0,1.0,90.0,0.1,351720.7192061617
5.546197952541752,703.9538679586911,985.0,1161.0,1.0,1.0,1.0,90.0,0.1,351720.7192061617
5.610778300666236,700.0461320413089,985.0,1161.0,1.0,1.0,1.0,90.0,0.1,408111.0000000003
5.610778300666236,703.9538679586911,985.0,1161.0,1.0,1.0,1.0,90.0,0.1,408111.0000000003
5.675358648790719,700.0461320413089,985.0,1161.0,1.0,1.0,1.0,90.0,0.1,473542.15781463246
5.675358648790719,702.0,985.0,1161.0,1.0,1.0,1.0,90.0,0.1,473542.15781463246
5.675358648790719,703.9538679586911,985.0,1161.0,1.0,1.0,1.0,90.0,0.1,473542.15781463246
5.691766066922375,717.6696781338193,985.0,1161.0,1.0,1.0,1.0,90.0,0.1,491774.56955193065
5.691766066922375,720.0,985.0,1161.0,1.0,1.0,1.0,90.0,0.1,491774.56955193065
5.691766066922375,722.3303218661807,985.0,1161.0,1.0,1.0,1.0,90.0,0.1,491774.56955193065
5.712574787784864,717.6696781338193,985.0,1161.0,1.0,1.0,1.0,90.0,0.1,515911.0
5.712574787784864,722.3303218661807,985.0,1161.0,1.0,1.0,1.0,90.0,0.1,515911.0
5.7333835086473535,717.6696781338193,985.0,1161.0,1.0,1.0,1.0,90.0,0.1,541232.0530594119
5.7333835086473535,720.0,985.0,1161.0,1.0,1.0,1.0,90.0,0.1,541232.0530594119
5.7333835086473535,722.3303218661807,985.0,1161.0,1.0,1.0,1.0,90.0,0.1,541232.0530594119
6.935419651875517,682.0461320413089,985.0,1161.0,1.0,1.0,1.0,90.0,0.1,8618261.188896192
6.935419651875517,684.0,985.0,1161.0,1.0,1.0,1.0,90.0,0.1,8618261.188896192
6.935419651875517,685.9538679586911,985.0,1161.0,1.0,1.0,1.0,90.0,0.1,8618261.188896192
7.0,682.0461320413089,985.0,1161.0,1.0,1.0,1.0,90.0,0.1,10000000.0
7.0,685.9538679586911,985.0,1161.0,1.0,1.0,1.0,90.0,0.1,10000000.0
7.064580348124483,682.0461320413089,985.0,1161.0,1.0,1.0,1.0,90.0,0.1,11603268.66501104
7.064580348124483,684.0,985.0,1161.0,1.0,1.0,1.0,90.0,0.1,11603268.66501104
7.064580348124483,685.9538679586911,985.0,1161.0,1.0,1.0,1.0,90.0,0.1,11603268.66501104
5.268680609771138,735.4544155877285,1078.0,1148.0,1.0,1.0,1.0,90.0,0.1,185643.86849029255
5.268680609771138,738.0,1078.0,1148.0,1.0,1.0,1.0,90.0,0.1,185643.86849029255
5.268680609771138,740.5455844122715,1078.0,1148.0,1.0,1.0,1.0,90.0,0.1,185643.86849029255
5.287425476926228,735.4544155877285,1078.0,1148.0,1.0,1.0,1.0,90.0,0.1,193832.0000000001
5.287425476926228,740.5455844122715,1078.0,1148.0,1.0,1.0,1.0,90.0,0.1,193832.0000000001
5.306170344081318,735.4544155877285,1078.0,1148.0,1.0,1.0,1.0,90.0,0.1,202381.28266522652
5.306170344081318,738.0,1078.0,1148.0,1.0,1.0,1.0,90.0,0.1,202381.28266522652
5.306170344081318,740.5455844122715,1078.0,1148.0,1.0,1.0,1.0,90.0,0.1,202381.28266522652
5.2147893333212325,699.4544155877285,1078.0,1148.0,1.0,1.0,1.0,90.0,0.1,163979.41522534957
5.2147893333212325,702.0,1078.0,1148.0,1.0,1.0,1.0,90.0,0.1,163979.41522534957
5.2147893333212325,704.5455844122715,1078.0,1148.0,1.0,1.0,1.0,90.0,0.1,163979.41522534957
5.233534200476322,699.4544155877285,1078.0,1148.0,1.0,1.0,1.0,90.0,0.1,171212.00000000003
5.233534200476322,704.5455844122715,1078.0,1148.0,1.0,1.0,1.0,90.0,0.1,171212.00000000003
5.252279067631412,699.4544155877285,1078.0,1148.0,1.0,1.0,1.0,90.0,0.1,178763.58995252976
5.252279067631412,702.0,1078.0,1148.0,1.0,1.0,1.0,90.0,0.1,178763.58995252976
5.252279067631412,704.5455844122715,1078.0,1148.0,1.0,1.0,1.0,90.0,0.1,178763.58995252976
5.595027208401039,717.4544155877285,1078.0,1148.0,1.0,1.0,1.0,90.0,0.1,393574.732006015
5.595027208401039,720.0,1078.0,1148.0,1.0,1.0,1.0,90.0,0.1,393574.732006015
5.595027208401039,722.5455844122715,1078.0,1148.0,1.0,1.0,1.0,90.0,0.1,393574.732006015
5.6137720755561284,717.4544155877285,1078.0,1148.0,1.0,1.0,1.0,90.0,0.1,410934.0000000003
5.6137720755561284,722.5455844122715,1078.0,1148.0,1.0,1.0,1.0,90.0,0.1,410934.0000000003
5.632516942711218,717.4544155877285,1078.0,1148.0,1.0,1.0,1.0,90.0,0.1,429058.9273739744
5.632516942711218,720.0,1078.0,1148.0,1.0,1.0,1.0,90.0,0.1,429058.9273739744
5.632516942711218,722.5455844122715,1078.0,1148.0,1.0,1.0,1.0,90.0,0.1,429058.9273739744
5.40939964977565,681.4544155877285,1078.0,1148.0,1.0,1.0,1.0,90.0,0.1,256684.50317083515
5.40939964977565,684.0,1078.0,1148.0,1.0,1.0,1.0,90.0,0.1,256684.50317083515
5.40939964977565,686.5455844122715,1078.0,1148.0,1.0,1.0,1.0,90.0,0.1,256684.50317083515
5.42814451693074,681.4544155877285,1078.0,1148.0,1.0,1.0,1.0,90.0,0.1,268006.0
5.42814451693074,686.5455844122715,1078.0,1148.0,1.0,1.0,1.0,90.0,0.1,268006.0
5.4468893840858295,681.4544155877285,1078.0,1148.0,1.0,1.0,1.0,90.0,0.1,279826.85027228046
5.4468893840858295,684.0,1078.0,1148.0,1.0,1.0,1.0,90.0,0.1,279826.85027228046
5.4468893840858295,686.5455844122715,1078.0,1148.0,1.0,1.0,1.0,90.0,0.1,279826.85027228046
5.705806241522376,663.4544155877285,1078.0,1148.0,1.0,1.0,1.0,90.0,0.1,507932.78013778816
5.705806241522376,666.0,1078.0,1148.0,1.0,1.0,1.0,90.0,0.1,507932.78013778816
5.705806241522376,668.5455844122715,1078.0,1148.0,1.0,1.0,1.0,90.0,0.1,507932.78013778816
5.724551108677466,663.4544155877285,1078.0,1148.0,1.0,1.0,1.0,90.0,0.1,530336.0
5.724551108677466,668.5455844122715,1078.0,1148.0,1.0,1.0,1.0,90.0,0.1,530336.0
5.743295975832556,663.4544155877285,1078.0,1148.0,1.0,1.0,1.0,90.0,0.1,553727.3511264679
5.743295975832556,666.0,1078.0,1148.0,1.0,1.0,1.0,90.0,0.1,553727.3511264679
5.743295975832556,668.5455844122715,1078.0,1148.0,1.0,1.0,1.0,90.0,0.1,553727.3511264679
3.832449611814239,772.5627918305695,613.6730673068378,993.8364876568639,1.0,0.0,0.0,0.0,0.1,6799.071555009446
3.832449611814239,776.0,605.9301919984323,990.4033959567305,1.0,0.0,0.0,0.0,0.1,6799.071555009446
3.832449611814239,779.4372081694305,589.8343282462797,980.3420867458049,1.0,0.0,0.0,0.0,0.1,6799.071555009446
3.884285462339675,772.5627918305695,608.8167962465448,984.8554490666074,1.0,0.0,0.0,0.0,0.1,7660.999999999999
3.884285462339675,779.4372081694305,600.420513925669,982.8083381180957,1.0,0.0,0.0,0.0,0.1,7660.999999999999
3.9361213128651116,772.5627918305695,605.1381282734774,980.7498064069522,1.0,0.0,0.0,0.0,0.1,8632.196399927201
3.9361213128651116,776.0,605.7098824641578,980.560263638523,1.0,0.0,0.0,0.0,0.1,8632.196399927201
3.9361213128651116,779.4372081694305,589.250223896412,983.1710416428207,1.0,0.0,0.0,0.0,0.1,8632.196399927201
4.577509673258971,672.463674223152,594.140978794137,992.4868318424092,1.0,0.0,0.0,0.0,0.1,37801.555693827206
4.577509673258971,676.0,588.9908699959343,980.607203886966,1.0,0.0,0.0,0.0,0.1,37801.555693827206
4.577509673258971,679.536325776848,603.4241199898889,985.6842761203488,1.0,0.0,0.0,0.0,0.1,37801.555693827206
4.693498312707836,672.463674223152,588.7248264582564,977.7829322705138,1.0,0.0,0.0,0.0,0.1,49374.00000000001
4.693498312707836,679.536325776848,616.266685952249,988.6487304349038,1.0,0.0,0.0,0.0,0.1,49374.00000000001
4.8094869521567,672.463674223152,598.0656943502378,985.506927608834,1.0,0.0,0.0,0.0,0.1,64489.1944592132
4.8094869521567,676.0,595.1760399921244,983.4131123145321,1.0,0.0,0.0,0.0,0.1,64489.1944592132
4.8094869521567,679.536325776848,606.3567102540923,992.3837767201343,1.0,0.0,0.0,0.0,0.1,64489.1944592132
4.826940962138866,555.2017148108172,641.9639464757063,936.3886749419721,1.0,1.0,0.0,90.0,0.1,67133.7585293394
4.826940962138866,558.0,641.75870574482,933.8371682722407,1.0,1.0,0.0,90.0,0.1,67133.7585293394
4.826940962138866,560.7982851891828,641.4819349448028,933.5345123973394,1.0,1.0,0.0,90.0,0.1,67133.7585293394
4.873907403901613,555.2017148108172,644.3687543171221,934.834510086203,1.0,1.0,0.0,90.0,0.1,74801.00000000004
4.873907403901613,560.7982851891828,641.614744026633,936.875685499199,1.0,1.0,0.0,90.0,0.1,74801.00000000004
4.920873845664359,555.2017148108172,644.2430947694484,936.039104685142,1.0,1.0,0.0,90.0,0.1,83343.9051167491
4.920873845664359,558.0,644.421790757588,933.8581280370099,1.0,1.0,0.0,90.0,0.1,83343.9051167491
4.920873845664359,560.7982851891828,644.1032912810731,935.7751640811256,1.0,1.0,0.0,90.0,0.1,83343.9051167491
5.338323378614133,555.2017148108172,644.212810338582,936.21139918823,1.0,1.0,0.0,90.0,0.1,217933.1913660214
5.338323378614133,558.0,642.4965038072199,936.1195460310304,1.0,1.0,0.0,90.0,0.1,217933.1913660214
5.338323378614133,560.7982851891828,642.2208566737904,934.3006560251545,1.0,1.0,0.0,90.0,0.1,217933.1913660214
5.3852898203768795,555.2017148108172,641.7139307524914,936.7751125932003,1.0,1.0,0.0,90.0,0.1,242823.0
5.3852898203768795,560.7982851891828,642.3144910319529,935.0841396578995,1.0,1.0,0.0,90.0,0.1,242823.0
5.432256262139626,555.2017148108172,642.6435717036092,936.8765067319807,1.0,1.0,0.0,90.0,0.1,270555.43471563683
5.432256262139626,558.0,642.4589612806782,936.1364669514046,1.0,1.0,0.0,90.0,0.1,270555.43471563683
5.432256262139626,560.7982851891828,644.1657649871903,934.7372745097224,1.0,1.0,0.0,90.0,0.1,270555.43471563683
5.985664633976795,491.15625182926874,643.0,935.0,1.0,1.0,0.0,90.0,0.1,967530.432195117
5.985664633976795,495.0,643.0,935.0,1.0,1.0,0.0,90.0,0.1,967530.432195117
5.985664633976795,498.84374817073126,643.0,935.0,1.0,1.0,0.0,90.0,0.1,967530.432195117
6.036777759406455,491.15625182926874,643.0,935.0,1.0,1.0,0.0,90.0,0.1,1088372.9999999998
6.036777759406455,498.84374817073126,643.0,935.0,1.0,1.0,0.0,90.0,0.1,1088372.9999999998
6.087890884836114,491.15625182926874,643.0,935.0,1.0,1.0,0.0,90.0,0.1,1224308.5568290593
6.087890884836114,495.0,643.0,935.0,1.0,1.0,0.0,90.0,0.1,1224308.5568290593
6.087890884836114,498.84374817073126,643.0,935.0,1.0,1.0,0.0,90.0,0.1,1224308.5568290593
4.66932077085547,555.2017148108172,641.4230799873382,933.4177815764039,1.0,0.0,0.0,90.0,0.1,46700.41832750424
4.66932077085547,558.0,644.609053897842,934.1040082486486,1.0,0.0,0.0,90.0,0.1,46700.41832750424
4.66932077085547,560.7982851891828,644.5597816754146,933.7047287281154,1.0,0.0,0.0,90.0,0.1,46700.41832750424
4.716287212618217,555.2017148108172,642.544389773064,936.0317073335746,1.0,0.0,0.0,90.0,0.1,52034.000000000015
4.716287212618217,560.7982851891828,643.5175131757412,935.3309793917106,1.0,0.0,0.0,90.0,0.1,52034.000000000015
4.763253654380963,555.2017148108172,643.0980692966405,936.4012370101522,1.0,0.0,0.0,90.0,0.1,57976.7216861395
4.763253654380963,558.0,642.1306312860935,934.7652813821336,1.0,0.0,0.0,90.0,0.1,57976.7216861395
4.763253654380963,560.7982851891828,641.8698835182731,935.3914417105813,1.0,0.0,0.0,90.0,0.1,57976.7216861395
4.650196707896369,464.44269765130935,642.1817857116099,934.322075622521,1.0,0.0,0.0,90.0,0.1,44688.595735552175
4.650196707896369,468.0,642.9057023505252,933.0692239896688,1.0,0.0,0.0,90.0,0.1,44688.595735552175
4.650196707896369,471.55730234869065,641.6615564298204,935.7585912204895,1.0,0.0,0.0,90.0,0.1,44688.595735552175
4.702275403569469,464.44269765130935,642.7670215367534,936.4883441057596,1.0,0.0,0.0,90.0,0.1,50382.00000000003
4.702275403569469,471.55730234869065,643.638524171953,932.9930518419211,1.0,0.0,0.0,90.0,0.1,50382.00000000003
4.754354099242568,464.44269765130935,643.3828164449162,933.3423974535236,1.0,0.0,0.0,90.0,0.1,56800.75379904168
4.754354099242568,468.0,643.9214608297128,937.0053513681763,1.0,0.0,0.0,90.0,0.1,56800.75379904168
4.754354099242568,471.55730234869065,643.1023320451121,935.7457403607921,1.0,0.0,0.0,90.0,0.1,56800.75379904168
5.7731289747764665,535.6869426157307,1225.4595051344913,1401.9572009677515,0.0,0.0,1.0,90.0,0.1,593101.4349629831
5.7731289747764665,540.0,1226.7326915655635,1401.7718996581095,0.0,0.0,1.0,90.0,0.1,593101.4349629831
5.7731289747764665,544.3130573842693,1225.5175727715587,1401.9625752972472,0.0,0.0,1.0,90.0,0.1,593101.4349629831
5.830992624810913,535.6869426157307,1226.4367172461307,1401.9148741257,0.0,0.0,1.0,90.0,0.1,677630.0000000001
5.830992624810913,544.3130573842693,1226.880089698868,1401.7218554779108,0.0,0.0,1.0,90.0,0.1,677630.0000000001
5.88885627484536,535.6869426157307,1225.7341704139433,1402.1433126749741,0.0,0.0,1.0,90.0,0.1,774205.5402861381
5.88885627484536,540.0,1225.4361982102048,1402.107277063021,0.0,0.0,1.0,90.0,0.1,774205.5402861381
5.88885627484536,544.3130573842693,1225.309102422037,1401.695465913409,0.0,0.0,1.0,90.0,0.1,774205.5402861381
6.084500158159677,481.8869426157307,1225.2202127838198,1402.2949081284353,0.0,0.0,1.0,90.0,0.1,1214787.062867574
6.084500158159677,486.2,1226.1064811358299,1402.2032508624593,0.0,0.0,1.0,90.0,0.1,1214787.062867574
6.084500158159677,490.5130573842693,1225.6556746898314,1402.0635505941211,0.0,0.0,1.0,90.0,0.1,1214787.062867574
6.142363808194124,481.8869426157307,1225.9896136547613,1402.305712556667,0.0,0.0,1.0,90.0,0.1,1387918.000000001
6.142363808194124,490.5130573842693,1226.5094024865339,1402.158119307115,0.0,0.0,1.0,90.0,0.1,1387918.000000001
6.200227458228571,481.8869426157307,1225.066589468771,1402.0340662965305,0.0,0.0,1.0,90.0,0.1,1585723.4848853457
6.200227458228571,486.2,1225.932082560123,1402.2934386682027,0.0,0.0,1.0,90.0,0.1,1585723.4848853457
6.200227458228571,490.5130573842693,1225.5007138188155,1401.8421386333173,0.0,0.0,1.0,90.0,0.1,1585723.4848853457
6.356889528616501,589.4597511592075,1204.0520828508197,1394.3988055533055,0.0,1.0,1.0,90.0,0.1,2274518.788380382
6.356889528616501,593.8,1201.0351037709497,1395.8372972022312,0.0,1.0,1.0,90.0,0.1,2274518.788380382
6.356889528616501,598.1402488407924,1205.6231131359941,1395.8465456776858,0.0,1.0,1.0,90.0,0.1,2274518.788380382
6.4514657372263065,589.4597511592075,1208.5406096059755,1394.4894019421702,0.0,1.0,1.0,90.0,0.1,2827910.999999999
6.4514657372263065,598.1402488407924,1205.5104255777348,1394.0236257539236,0.0,1.0,1.0,90.0,0.1,2827910.999999999
6.546041945836112,589.4597511592075,1209.4400194818154,1394.775721233809,0.0,1.0,1.0,90.0,0.1,3515943.9723140206
6.546041945836112,593.8,1203.8631482888618,1394.537925248813,0.0,1.0,1.0,90.0,0.1,3515943.9723140206
6.546041945836112,598.1402488407924,1204.5794028960668,1394.4184596049288,0.0,1.0,1.0,90.0,0.1,3515943.9723140206
7.086731166616422,481.2869426157307,1204.742499617742,1395.2057208212882,0.0,1.0,1.0,90.0,0.1,12210435.85863016
7.086731166616422,485.6,1205.6877545591005,1394.8656971564983,0.0,1.0,1.0,90.0,0.1,12210435.85863016
7.086731166616422,489.91305738426934,1204.9362449789903,1395.2563869581413,0.0,1.0,1.0,90.0,0.1,12210435.85863016
7.144594816650869,481.2869426157307,1204.0795934483006,1395.266897846002,0.0,1.0,1.0,90.0,0.1,13950661.999999993
7.144594816650869,489.91305738426934,1204.4222017454524,1395.1224524132685,0.0,1.0,1.0,90.0,0.1,13950661.999999993
7.202458466685316,481.2869426157307,1205.1698560081766,1395.036309789506,0.0,1.0,1.0,90.0,0.1,15938904.433185201
7.202458466685316,485.6,1205.739409314977,1394.7267354147332,0.0,1.0,1.0,90.0,0.1,15938904.433185201
7.202458466685316,489.91305738426934,1204.6852492423657,1395.0262359187454,0.0,1.0,1.0,90.0,0.1,15938904.433185201
7.287852322624852,481.8869426157307,1205.640499038018,1394.80552046757,0.0,1.0,1.0,90.0,0.1,19402260.114940874
7.287852322624852,486.2,1205.6232997729526,1394.9311663378437,0.0,1.0,1.0,90.0,0.1,19402260.114940874
7.287852322624852,490.5130573842693,1204.3599180530584,1395.1776276962282,0.0,1.0,1.0,90.0,0.1,19402260.114940874
7.345715972659299,481.8869426157307,1204.1582452865364,1395.010128308771,0.0,1.0,1.0,90.0,0.1,22167461.999999978
7.345715972659299,490.5130573842693,1204.1026432930319,1394.9015231625094,0.0,1.0,1.0,90.0,0.1,22167461.999999978
7.403579622693746,481.8869426157307,1205.2079727292155,1395.0384872441193,0.0,1.0,1.0,90.0,0.1,25326759.285277236
7.403579622693746,486.2,1204.803821716267,1394.9513370609213,0.0,1.0,1.0,90.0,0.1,25326759.285277236
7.403579622693746,490.5130573842693,1204.437808851754,1394.9697417588027,0.0,1.0,1.0,90.0,0.1,25326759.285277236
5.95122325438638,646.1544603575073,1104.0,1374.0,0.0,1.0,1.0,90.0,0.1,893764.816387877
5.95122325438638,648.8,1104.0,1374.0,0.0,1.0,1.0,90.0,0.1,893764.816387877
5.95122325438638,651.4455396424926,1104.0,1374.0,0.0,1.0,1.0,90.0,0.1,893764.816387877
6.032839880496706,646.1544603575073,1104.0,1374.0,0.0,1.0,1.0,90.0,0.1,1078549.0000000002
6.032839880496706,651.4455396424926,1104.0,1374.0,0.0,1.0,1.0,90.0,0.1,1078549.0000000002
6.1144565066070315,646.1544603575073,1104.0,1374.0,0.0,1.0,1.0,90.0,0.1,1301536.9637197314
6.1144565066070315,648.8,1104.0,1374.0,0.0,1.0,1.0,90.0,0.1,1301536.9637197314
6.1144565066070315,651.4455396424926,1104.0,1374.0,0.0,1.0,1.0,90.0,0.1,1301536.9637197314
7.204854596823225,646.1544603575073,1104.0,1374.0,0.0,1.0,1.0,90.0,0.1,16027087.088695928
7.204854596823225,648.8,1104.0,1374.0,0.0,1.0,1.0,90.0,0.1,16027087.088695928
7.204854596823225,651.4455396424926,1104.0,1374.0,0.0,1.0,1.0,90.0,0.1,16027087.088695928
7.28647122293355,646.1544603575073,1104.0,1374.0,0.0,1.0,1.0,90.0,0.1,19340657.0
7.28647122293355,651.4455396424926,1104.0,1374.0,0.0,1.0,1.0,90.0,0.1,19340657.0
7.368087849043876,646.1544603575073,1104.0,1374.0,0.0,1.0,1.0,90.0,0.1,23339301.216842964
7.368087849043876,648.8,1104.0,1374.0,0.0,1.0,1.0,90.0,0.1,23339301.216842964
7.368087849043876,651.4455396424926,1104.0,1374.0,0.0,1.0,1.0,90.0,0.1,23339301.216842964
7.757931066206798,646.7544603575074,1104.0,1374.0,0.0,1.0,1.0,90.0,0.1,57270512.062129356
7.757931066206798,649.4,1104.0,1374.0,0.0,1.0,1.0,90.0,0.1,57270512.062129356
7.757931066206798,652.0455396424926,1104.0,1374.0,0.0,1.0,1.0,90.0,0.1,57270512.062129356
7.839547692317124,646.7544603575074,1104.0,1374.0,0.0,1.0,1.0,90.0,0.1,69111082.00000007
7.839547692317124,652.0455396424926,1104.0,1374.0,0.0,1.0,1.0,90.0,0.1,69111082.00000007
7.92116431842745,646.7544603575074,1104.0,1374.0,0.0,1.0,1.0,90.0,0.1,83399667.35462686
7.92116431842745,649.4,1104.0,1374.0,0.0,1.0,1.0,90.0,0.1,83399667.35462686
7.92116431842745,652.0455396424926,1104.0,1374.0,0.0,1.0,1.0,90.0,0.1,83399667.35462686
7.88893306887931,590.9739766518312,1104.0,1374.0,0.0,1.0,1.0,90.0,0.1,77434245.11285166
7.88893306887931,595.0,1104.0,1374.0,0.0,1.0,1.0,90.0,0.1,77434245.11285166
7.88893306887931,599.0260233481688,1104.0,1374.0,0.0,1.0,1.0,90.0,0.1,77434245.11285166
7.976613103746707,590.9739766518312,1104.0,1374.0,0.0,1.0,1.0,90.0,0.1,94757393.0
7.976613103746707,599.0260233481688,1104.0,1374.0,0.0,1.0,1.0,90.0,0.1,94757393.0
8.064293138614103,590.9739766518312,1104.0,1374.0,0.0,1.0,1.0,90.0,0.1,115955976.7783699
8.064293138614103,595.0,1104.0,1374.0,0.0,1.0,1.0,90.0,0.1,115955976.7783699
8.064293138614103,599.0260233481688,1104.0,1374.0,0.0,1.0,1.0,90.0,0.1,115955976.7783699
8.301223571241668,590.9739766518312,1104.0,1374.0,0.0,1.0,1.0,90.0,0.1,200089164.7178715
8.301223571241668,595.0,1104.0,1374.0,0.0,1.0,1.0,90.0,0.1,200089164.7178715
8.301223571241668,599.0260233481688,1104.0,1374.0,0.0,1.0,1.0,90.0,0.1,200089164.7178715
8.388903606109064,590.9739766518312,1104.0,1374.0,0.0,1.0,1.0,90.0,0.1,244851971.99999988
8.388903606109064,599.0260233481688,1104.0,1374.0,0.0,1.0,1.0,90.0,0.1,244851971.99999988
8.476583640976461,590.9739766518312,1104.0,1374.0,0.0,1.0,1.0,90.0,0.1,299628859.3478941
8.476583640976461,595.0,1104.0,1374.0,0.0,1.0,1.0,90.0,0.1,299628859.3478941
8.476583640976461,599.0260233481688,1104.0,1374.0,0.0,1.0,1.0,90.0,0.1,299628859.3478941
8.23717550023264,537.1739766518313,1104.0,1374.0,0.0,1.0,1.0,90.0,0.1,172653545.1298356
8.23717550023264,541.2,1104.0,1374.0,0.0,1.0,1.0,90.0,0.1,172653545.1298356
8.23717550023264,545.2260233481688,1104.0,1374.0,0.0,1.0,1.0,90.0,0.1,172653545.1298356
8.324855535100037,537.1739766518313,1104.0,1374.0,0.0,1.0,1.0,90.0,0.1,211278611.99999982
8.324855535100037,545.2260233481688,1104.0,1374.0,0.0,1.0,1.0,90.0,0.1,211278611.99999982
8.412535569967433,537.1739766518313,1104.0,1374.0,0.0,1.0,1.0,90.0,0.1,258544658.6403897
8.412535569967433,541.2,1104.0,1374.0,0.0,1.0,1.0,90.0,0.1,258544658.6403897
8.412535569967433,545.2260233481688,1104.0,1374.0,0.0,1.0,1.0,90.0,0.1,258544658.6403897
6.670664579098294,647.5677038052446,1077.9267263429745,1156.3337105904354,1.0,1.0,1.0,90.0,0.1,4684514.408709157
6.670664579098294,648.0,1077.856819081068,1143.2371483405525,1.0,1.0,1.0,90.0,0.1,4684514.408709157
6.670664579098294,648.4322961947554,1079.0088373999365,1156.006257970868,1.0,1.0,1.0,90.0,0.1,4684514.408709157
6.73053890571077,647.5677038052446,1077.144152068234,1137.503171246078,1.0,1.0,1.0,90.0,0.1,5376986.000000001
6.73053890571077,648.4322961947554,1076.9555007789209,1143.2734363813722,1.0,1.0,1.0,90.0,0.1,5376986.000000001
6.790413232323245,647.5677038052446,1079.203067361907,1149.2957458412693,1.0,1.0,1.0,90.0,0.1,6171819.728090634
6.790413232323245,648.0,1077.677138149091,1156.6074910229422,1.0,1.0,1.0,90.0,0.1,6171819.728090634
6.790413232323245,648.4322961947554,1077.8806162416333,1143.908757395268,1.0,1.0,1.0,90.0,0.1,6171819.728090634
6.9401256733875245,637.5677038052446,1079.1239932183773,1155.7395050418747,1.0,1.0,1.0,90.0,0.1,8712156.603549194
6.9401256733875245,638.0,1078.8754846469292,1148.2720258229317,1.0,1.0,1.0,90.0,0.1,8712156.603549194
6.9401256733875245,638.4322961947554,1078.7373354446288,1140.899797255844,1.0,1.0,1.0,90.0,0.1,8712156.603549194
7.0,637.5677038052446,1078.186533238809,1158.7139876509268,1.0,1.0,1.0,90.0,0.1,10000000.0
7.0,638.4322961947554,1077.467473012528,1154.517957621759,1.0,1.0,1.0,90.0,0.1,10000000.0
7.0598743266124755,637.5677038052446,1077.975744034366,1137.8097390219432,1.0,1.0,1.0,90.0,0.1,11478214.241381014
7.0598743266124755,638.0,1078.6700338497865,1140.6609982094694,1.0,1.0,1.0,90.0,0.1,11478214.241381014
7.0598743266124755,638.4322961947554,1078.3349248803042,1138.8252017869822,1.0,1.0,1.0,90.0,0.1,11478214.241381014
4.2672503673849365,554.9031629038647,556.0,780.0,1.0,1.0,0.0,90.0,0.1,18503.35015283068
4.2672503673849365,558.0,556.0,780.0,1.0,1.0,0.0,90.0,0.1,18503.35015283068
4.2672503673849365,561.0968370961353,556.0,780.0,1.0,1.0,0.0,90.0,0.1,18503.35015283068
4.314372900009328,554.9031629038647,556.0,780.0,1.0,1.0,0.0,90.0,0.1,20624.00000000001
4.314372900009328,561.0968370961353,556.0,780.0,1.0,1.0,0.0,90.0,0.1,20624.00000000001
4.36149543263372,554.9031629038647,556.0,780.0,1.0,1.0,0.0,90.0,0.1,22987.695335535205
4.36149543263372,558.0,556.0,780.0,1.0,1.0,0.0,90.0,0.1,22987.695335535205
4.36149543263372,561.0968370961353,556.0,780.0,1.0,1.0,0.0,90.0,0.1,22987.695335535205
5.339105248641252,536.9031629038647,556.0,780.0,1.0,1.0,0.0,90.0,0.1,218325.89473385547
5.339105248641252,540.0,556.0,780.0,1.0,1.0,0.0,90.0,0.1,218325.89473385547
5.339105248641252,543.0968370961353,556.0,780.0,1.0,1.0,0.0,90.0,0.1,218325.89473385547
5.386227781265643,536.9031629038647,556.0,780.0,1.0,1.0,0.0,90.0,0.1,243347.99999999983
5.386227781265643,543.0968370961353,556.0,780.0,1.0,1.0,0.0,90.0,0.1,243347.99999999983
5.433350313890035,536.9031629038647,556.0,780.0,1.0,1.0,0.0,90.0,0.1,271237.86290301656
5.433350313890035,540.0,556.0,780.0,1.0,1.0,0.0,90.0,0.1,271237.86290301656
5.433350313890035,543.0968370961353,556.0,780.0,1.0,1.0,0.0,90.0,0.1,271237.86290301656
5.318146377821184,518.9031629038647,556.0,780.0,1.0,1.0,0.0,90.0,0.1,208039.7761583026
5.318146377821184,522.0,556.0,780.0,1.0,1.0,0.0,90.0,0.1,208039.7761583026
5.318146377821184,525.0968370961353,556.0,780.0,1.0,1.0,0.0,90.0,0.1,208039.7761583026
5.365268910445575,518.9031629038647,556.0,780.0,1.0,1.0,0.0,90.0,0.1,231882.99999999988
5.365268910445575,525.0968370961353,556.0,780.0,1.0,1.0,0.0,90.0,0.1,231882.99999999988
5.412391443069967,518.9031629038647,556.0,780.0,1.0,1.0,0.0,90.0,0.1,258458.8710962909
5.412391443069967,522.0,556.0,780.0,1.0,1.0,0.0,90.0,0.1,258458.8710962909
5.412391443069967,525.0968370961353,556.0,780.0,1.0,1.0,0.0,90.0,0.1,258458.8710962909
5.672190345500524,501.12,556.0,780.0,1.0,1.0,0.0,90.0,0.1,470100.1020878813
5.672190345500524,504.0,556.0,780.0,1.0,1.0,0.0,90.0,0.1,470100.1020878813
5.672190345500524,506.88,556.0,780.0,1.0,1.0,0.0,90.0,0.1,470100.1020878813
5.685628896923803,501.12,556.0,780.0,1.0,1.0,0.0,90.0,0.1,484874.0000000001
5.685628896923803,506.88,556.0,780.0,1.0,1.0,0.0,90.0,0.1,484874.0000000001
5.6990674483470825,501.12,556.0,780.0,1.0,1.0,0.0,90.0,0.1,500112.1991504048
5.6990674483470825,504.0,556.0,780.0,1.0,1.0,0.0,90.0,0.1,500112.1991504048
5.6990674483470825,506.88,556.0,780.0,1.0,1.0,0.0,90.0,0.1,500112.1991504048
5.316275934054173,465.72316008467874,556.0,780.0,1.0,1.0,0.0,90.0,0.1,207145.70551234076
5.316275934054173,468.0,556.0,780.0,1.0,1.0,0.0,90.0,0.1,207145.70551234076
5.316275934054173,470.27683991532126,556.0,780.0,1.0,1.0,0.0,90.0,0.1,207145.70551234076
5.377246130640713,465.72316008467874,556.0,780.0,1.0,1.0,0.0,90.0,0.1,238367.00000000023
5.377246130640713,470.27683991532126,556.0,780.0,1.0,1.0,0.0,90.0,0.1,238367.00000000023
5.438216327227253,465.72316008467874,556.0,780.0,1.0,1.0,0.0,90.0,0.1,274294.0122676843
5.438216327227253,468.0,556.0,780.0,1.0,1.0,0.0,90.0,0.1,274294.0122676843
5.438216327227253,470.27683991532126,556.0,780.0,1.0,1.0,0.0,90.0,0.1,274294.0122676843
5.5438205042358595,465.72316008467874,556.0,780.0,1.0,1.0,0.0,90.0,0.1,349800.5630810636
5.5438205042358595,468.0,556.0,780.0,1.0,1.0,0.0,90.0,0.1,349800.5630810636
5.5438205042358595,470.27683991532126,556.0,780.0,1.0,1.0,0.0,90.0,0.1,349800.5630810636
5.6047907008224,465.72316008467874,556.0,780.0,1.0,1.0,0.0,90.0,0.1,402523.0000000002
5.6047907008224,470.27683991532126,556.0,780.0,1.0,1.0,0.0,90.0,0.1,402523.0000000002
5.66576089740894,465.72316008467874,556.0,780.0,1.0,1.0,0.0,90.0,0.1,463191.837376923
5.66576089740894,468.0,556.0,780.0,1.0,1.0,0.0,90.0,0.1,463191.837376923
5.66576089740894,470.27683991532126,556.0,780.0,1.0,1.0,0.0,90.0,0.1,463191.837376923
6.93902980341346,465.72316008467874,556.0,780.0,1.0,1.0,0.0,90.0,0.1,8690200.63651179
6.93902980341346,468.0,556.0,780.0,1.0,1.0,0.0,90.0,0.1,8690200.63651179
6.93902980341346,470.27683991532126,556.0,780.0,1.0,1.0,0.0,90.0,0.1,8690200.63651179
7.0,465.72316008467874,556.0,780.0,1.0,1.0,0.0,90.0,0.1,10000000.0
7.0,470.27683991532126,556.0,780.0,1.0,1.0,0.0,90.0,0.1,10000000.0
7.06097019658654,465.72316008467874,556.0,780.0,1.0,1.0,0.0,90.0,0.1,11507214.18097656
7.06097019658654,468.0,556.0,780.0,1.0,1.0,0.0,90.0,0.1,11507214.18097656
7.06097019658654,470.27683991532126,556.0,780.0,1.0,1.0,0.0,90.0,0.1,11507214.18097656
5.427514145180375,504.44269765130935,601.316640767243,984.4628829293996,1.0,0.0,0.0,0.0,0.1,267617.27560150134
5.427514145180375,508.0,603.002905370741,983.9977086434908,1.0,0.0,0.0,0.0,0.1,267617.27560150134
5.427514145180375,511.55730234869065,601.3850178989114,984.671595016323,1.0,0.0,0.0,0.0,0.1,267617.27560150134
5.474829381344924,504.44269765130935,602.2920477251954,984.9973498026674,1.0,0.0,0.0,0.0,0.1,298421.00000000006
5.474829381344924,511.55730234869065,601.2095149308522,985.952419627501,1.0,0.0,0.0,0.0,0.1,298421.00000000006
5.522144617509474,504.44269765130935,602.5008200490382,984.4549231946258,1.0,0.0,0.0,0.0,0.1,332770.34541525104
5.522144617509474,508.0,600.9356775640869,984.9684729579457,1.0,0.0,0.0,0.0,0.1,332770.34541525104
5.522144617509474,511.55730234869065,603.553894142307,985.5803821997671,1.0,0.0,0.0,0.0,0.1,332770.34541525104
5.928248213228732,448.2,643.0,935.0,1.0,1.0,0.0,90.0,0.1,847711.7701864657
5.928248213228732,450.0,643.0,935.0,1.0,1.0,0.0,90.0,0.1,847711.7701864657
5.928248213228732,451.8,643.0,935.0,1.0,1.0,0.0,90.0,0.1,847711.7701864657
5.998248873370338,448.2,643.0,935.0,1.0,1.0,0.0,90.0,0.1,995975.9999999991
5.998248873370338,451.8,643.0,935.0,1.0,1.0,0.0,90.0,0.1,995975.9999999991
6.068249533511944,448.2,643.0,935.0,1.0,1.0,0.0,90.0,0.1,1170171.5458755533
6.068249533511944,450.0,643.0,935.0,1.0,1.0,0.0,90.0,0.1,1170171.5458755533
6.068249533511944,451.8,643.0,935.0,1.0,1.0,0.0,90.0,0.1,1170171.5458755533
5.653657874576017,403.56,643.0,935.0,1.0,1.0,0.0,90.0,0.1,450461.70320678985
5.653657874576017,405.0,643.0,935.0,1.0,1.0,0.0,90.0,0.1,450461.70320678985
5.653657874576017,406.44,643.0,935.0,1.0,1.0,0.0,90.0,0.1,450461.70320678985
5.735551795352526,403.56,643.0,935.0,1.0,1.0,0.0,90.0,0.1,543940.9999999999
5.735551795352526,406.44,643.0,935.0,1.0,1.0,0.0,90.0,0.1,543940.9999999999
5.817445716129035,403.56,643.0,935.0,1.0,1.0,0.0,90.0,0.1,656819.013413836
5.817445716129035,405.0,643.0,935.0,1.0,1.0,0.0,90.0,0.1,656819.013413836
5.817445716129035,406.44,643.0,935.0,1.0,1.0,0.0,90.0,0.1,656819.013413836
6.6170760835595095,403.56,643.0,935.0,1.0,1.0,0.0,90.0,0.1,4140722.0930835316
6.6170760835595095,405.0,643.0,935.0,1.0,1.0,0.0,90.0,0.1,4140722.0930835316
6.6170760835595095,406.44,643.0,935.0,1.0,1.0,0.0,90.0,0.1,4140722.0930835316
6.698970004336019,403.56,643.0,935.0,1.0,1.0,0.0,90.0,0.1,4999999.999999999
6.698970004336019,406.44,643.0,935.0,1.0,1.0,0.0,90.0,0.1,4999999.999999999
6.780863925112528,403.56,643.0,935.0,1.0,1.0,0.0,90.0,0.1,6037594.274138519
6.780863925112528,405.0,643.0,935.0,1.0,1.0,0.0,90.0,0.1,6037594.274138519
6.780863925112528,406.44,643.0,935.0,1.0,1.0,0.0,90.0,0.1,6037594.274138519
6.642630342374245,366.07534617433106,643.0,935.0,1.0,1.0,0.0,90.0,0.1,4391676.507951581
6.642630342374245,369.0,643.0,935.0,1.0,1.0,0.0,90.0,0.1,4391676.507951581
6.642630342374245,371.92465382566894,643.0,935.0,1.0,1.0,0.0,90.0,0.1,4391676.507951581
6.698970004336019,366.07534617433106,643.0,935.0,1.0,1.0,0.0,90.0,0.1,4999999.999999999
6.698970004336019,371.92465382566894,643.0,935.0,1.0,1.0,0.0,90.0,0.1,4999999.999999999
6.7553096662977925,366.07534617433106,643.0,935.0,1.0,1.0,0.0,90.0,0.1,5692586.863976644
6.7553096662977925,369.0,643.0,935.0,1.0,1.0,0.0,90.0,0.1,5692586.863976644
6.7553096662977925,371.92465382566894,643.0,935.0,1.0,1.0,0.0,90.0,0.1,5692586.863976644
6.641359149745165,334.7877315767056,642.0311715499936,935.7459760453979,1.0,1.0,0.0,90.0,0.1,4378840.737086701
6.641359149745165,337.5,643.8672293844053,936.3866270565101,1.0,1.0,0.0,90.0,0.1,4378840.737086701
6.641359149745165,340.2122684232944,642.3183399150931,936.7585966728125,1.0,1.0,0.0,90.0,0.1,4378840.737086701
6.698970004336019,334.7877315767056,643.1736658109355,935.8018792113426,1.0,1.0,0.0,90.0,0.1,4999999.999999999
6.698970004336019,340.2122684232944,643.3173034699181,933.4607794230725,1.0,1.0,0.0,90.0,0.1,4999999.999999999
6.756580858926872,334.7877315767056,644.5190160827824,933.4613323659681,1.0,1.0,0.0,90.0,0.1,5709273.641368562
6.756580858926872,337.5,642.1960128170286,936.2796017513098,1.0,1.0,0.0,90.0,0.1,5709273.641368562
6.756580858926872,340.2122684232944,643.3889980337236,936.3796485947355,1.0,1.0,0.0,90.0,0.1,5709273.641368562
6.65267505012981,267.9956048293812,643.0,935.0,1.0,1.0,0.0,90.0,0.1,4494434.443551551
6.65267505012981,270.0,643.0,935.0,1.0,1.0,0.0,90.0,0.1,4494434.443551551
6.65267505012981,272.0043951706188,643.0,935.0,1.0,1.0,0.0,90.0,0.1,4494434.443551551
6.698970004336019,267.9956048293812,643.0,935.0,1.0,1.0,0.0,90.0,0.1,4999999.999999999
6.698970004336019,272.0043951706188,643.0,935.0,1.0,1.0,0.0,90.0,0.1,4999999.999999999
6.7452649585422275,267.9956048293812,643.0,935.0,1.0,1.0,0.0,90.0,0.1,5562435.121479873
6.7452649585422275,270.0,643.0,935.0,1.0,1.0,0.0,90.0,0.1,5562435.121479873
6.7452649585422275,272.0043951706188,643.0,935.0,1.0,1.0,0.0,90.0,0.1,5562435.121479873
4.7604906256418875,403.56,643.0,935.0,1.0,0.0,0.0,90.0,0.1,57609.03833665261
4.7604906256418875,405.0,643.0,935.0,1.0,0.0,0.0,90.0,0.1,57609.03833665261
4.7604906256418875,406.44,643.0,935.0,1.0,0.0,0.0,90.0,0.1,57609.03833665261
4.842384546418397,403.56,643.0,935.0,1.0,0.0,0.0,90.0,0.1,69564.00000000004
4.842384546418397,406.44,643.0,935.0,1.0,0.0,0.0,90.0,0.1,69564.00000000004
4.924278467194906,403.56,643.0,935.0,1.0,0.0,0.0,90.0,0.1,83999.84161723446
4.924278467194906,405.0,643.0,935.0,1.0,0.0,0.0,90.0,0.1,83999.84161723446
4.924278467194906,406.44,643.0,935.0,1.0,0.0,0.0,90.0,0.1,83999.84161723446
4.813025524838698,403.56,643.0,935.0,1.0,0.0,0.0,90.0,0.1,65016.790161178964
4.813025524838698,405.0,643.0,935.0,1.0,0.0,0.0,90.0,0.1,65016.790161178964
4.813025524838698,406.44,643.0,935.0,1.0,0.0,0.0,90.0,0.1,65016.790161178964
4.894919445615208,403.56,643.0,935.0,1.0,0.0,0.0,90.0,0.1,78508.99999999996
4.894919445615208,406.44,643.0,935.0,1.0,0.0,0.0,90.0,0.1,78508.99999999996
4.976813366391717,403.56,643.0,935.0,1.0,0.0,0.0,90.0,0.1,94801.09777366815
4.976813366391717,405.0,643.0,935.0,1.0,0.0,0.0,90.0,0.1,94801.09777366815
4.976813366391717,406.44,643.0,935.0,1.0,0.0,0.0,90.0,0.1,94801.09777366815
5.331245937659386,339.07534617433106,643.0,935.0,1.0,0.0,0.0,90.0,0.1,214410.44474199697
5.331245937659386,342.0,643.0,935.0,1.0,0.0,0.0,90.0,0.1,214410.44474199697
5.331245937659386,344.92465382566894,643.0,935.0,1.0,0.0,0.0,90.0,0.1,214410.44474199697
5.402802837901361,339.07534617433106,643.0,935.0,1.0,0.0,0.0,90.0,0.1,252814.99999999994
5.402802837901361,344.92465382566894,643.0,935.0,1.0,0.0,0.0,90.0,0.1,252814.99999999994
5.474359738143336,339.07534617433106,643.0,935.0,1.0,0.0,0.0,90.0,0.1,298098.463915367
5.474359738143336,342.0,643.0,935.0,1.0,0.0,0.0,90.0,0.1,298098.463915367
5.474359738143336,344.92465382566894,643.0,935.0,1.0,0.0,0.0,90.0,0.1,298098.463915367
5.559659431501884,267.9956048293812,643.0,935.0,1.0,0.0,0.0,90.0,0.1,362793.44494414737
5.559659431501884,270.0,643.0,935.0,1.0,0.0,0.0,90.0,0.1,362793.44494414737
5.559659431501884,272.0043951706188,643.0,935.0,1.0,0.0,0.0,90.0,0.1,362793.44494414737
5.605954385708093,267.9956048293812,643.0,935.0,1.0,0.0,0.0,90.0,0.1,403603.0
5.605954385708093,272.0043951706188,643.0,935.0,1.0,0.0,0.0,90.0,0.1,403603.0
5.6522493399143015,267.9956048293812,643.0,935.0,1.0,0.0,0.0,90.0,0.1,449003.1004669282
5.6522493399143015,270.0,643.0,935.0,1.0,0.0,0.0,90.0,0.1,449003.1004669282
5.6522493399143015,272.0043951706188,643.0,935.0,1.0,0.0,0.0,90.0,0.1,449003.1004669282
5.685754450542725,231.9956048293812,643.0,935.0,1.0,0.0,0.0,90.0,0.1,485014.1963152
5.685754450542725,234.0,643.0,935.0,1.0,0.0,0.0,90.0,0.1,485014.1963152
5.685754450542725,236.0043951706188,643.0,935.0,1.0,0.0,0.0,90.0,0.1,485014.1963152
5.732049404748934,231.9956048293812,643.0,935.0,1.0,0.0,0.0,90.0,0.1,539572.0000000005
5.732049404748934,236.0043951706188,643.0,935.0,1.0,0.0,0.0,90.0,0.1,539572.0000000005
5.778344358955143,231.9956048293812,643.0,935.0,1.0,0.0,0.0,90.0,0.1,600266.8486734282
5.778344358955143,234.0,643.0,935.0,1.0,0.0,0.0,90.0,0.1,600266.8486734282
5.778344358955143,236.0043951706188,643.0,935.0,1.0,0.0,0.0,90.0,0.1,600266.8486734282
6.197137502890942,267.9956048293812,643.0,935.0,1.0,0.0,0.0,90.0,0.1,1574481.285396091
6.197137502890942,270.0,643.0,935.0,1.0,0.0,0.0,90.0,0.1,1574481.285396091
6.197137502890942,272.0043951706188,643.0,935.0,1.0,0.0,0.0,90.0,0.1,1574481.285396091
6.243432457097151,267.9956048293812,643.0,935.0,1.0,0.0,0.0,90.0,0.1,1751589.9999999984
6.243432457097151,272.0043951706188,643.0,935.0,1.0,0.0,0.0,90.0,0.1,1751589.9999999984
6.289727411303359,267.9956048293812,643.0,935.0,1.0,0.0,0.0,90.0,0.1,1948621.1468865843
6.289727411303359,270.0,643.0,935.0,1.0,0.0,0.0,90.0,0.1,1948621.1468865843
6.289727411303359,272.0043951706188,643.0,935.0,1.0,0.0,0.0,90.0,0.1,1948621.1468865843
6.660557181816554,222.2347875307673,643.0,935.0,1.0,0.0,0.0,90.0,0.1,4576749.911540425
6.660557181816554,225.0,643.0,935.0,1.0,0.0,0.0,90.0,0.1,4576749.911540425
6.660557181816554,227.7652124692327,643.0,935.0,1.0,0.0,0.0,90.0,0.1,4576749.911540425
6.698970004336019,222.2347875307673,643.0,935.0,1.0,0.0,0.0,90.0,0.1,4999999.999999999
6.698970004336019,227.7652124692327,643.0,935.0,1.0,0.0,0.0,90.0,0.1,4999999.999999999
6.737382826855484,222.2347875307673,643.0,935.0,1.0,0.0,0.0,90.0,0.1,5462391.540547512
6.737382826855484,225.0,643.0,935.0,1.0,0.0,0.0,90.0,0.1,5462391.540547512
6.737382826855484,227.7652124692327,643.0,935.0,1.0,0.0,0.0,90.0,0.1,5462391.540547512
6.660557181816554,195.2347875307673,643.0,935.0,1.0,0.0,0.0,90.0,0.1,4576749.911540425
6.660557181816554,198.0,643.0,935.0,1.0,0.0,0.0,90.0,0.1,4576749.911540425
6.660557181816554,200.7652124692327,643.0,935.0,1.0,0.0,0.0,90.0,0.1,4576749.911540425
6.698970004336019,195.2347875307673,643.0,935.0,1.0,0.0,0.0,90.0,0.1,4999999.999999999
6.698970004336019,200.7652124692327,643.0,935.0,1.0,0.0,0.0,90.0,0.1,4999999.999999999
6.737382826855484,195.2347875307673,643.0,935.0,1.0,0.0,0.0,90.0,0.1,5462391.540547512
6.737382826855484,198.0,643.0,935.0,1.0,0.0,0.0,90.0,0.1,5462391.540547512
6.737382826855484,200.7652124692327,643.0,935.0,1.0,0.0,0.0,90.0,0.1,5462391.540547512
6.332784760296924,431.6696302306365,1226.6909332454923,1401.730807514047,0.0,0.0,1.0,90.0,0.1,2151715.063798945
6.332784760296924,432.4,1226.257765632613,1401.9352690013125,0.0,0.0,1.0,90.0,0.1,2151715.063798945
6.332784760296924,433.1303697693634,1226.2900498822464,1402.0496673634036,0.0,0.0,1.0,90.0,0.1,2151715.063798945
6.390047781500483,431.6696302306365,1225.535477907316,1402.1944373130411,0.0,0.0,1.0,90.0,0.1,2454978.999999998
6.390047781500483,433.1303697693634,1225.9864598427837,1402.1806201705915,0.0,0.0,1.0,90.0,0.1,2454978.999999998
6.447310802704042,431.6696302306365,1225.8421010607963,1402.2714239101924,0.0,0.0,1.0,90.0,0.1,2800985.126627409
6.447310802704042,432.4,1226.4544221222823,1402.260932114863,0.0,0.0,1.0,90.0,0.1,2800985.126627409
6.447310802704042,433.1303697693634,1226.0240684845685,1401.9852670340829,0.0,0.0,1.0,90.0,0.1,2800985.126627409
6.960096950434503,413.11791156905895,1226.0,1402.0,0.0,0.0,1.0,90.0,0.1,9122144.563044092
6.960096950434503,414.0,1226.0,1402.0,0.0,0.0,1.0,90.0,0.1,9122144.563044092
6.960096950434503,414.88208843094105,1226.0,1402.0,0.0,0.0,1.0,90.0,0.1,9122144.563044092
7.03014839601532,413.11791156905895,1226.0,1402.0,0.0,0.0,1.0,90.0,0.1,10718855.00000001
7.03014839601532,414.88208843094105,1226.0,1402.0,0.0,0.0,1.0,90.0,0.1,10718855.00000001
7.100199841596137,413.11791156905895,1226.0,1402.0,0.0,0.0,1.0,90.0,0.1,12595048.424959922
7.100199841596137,414.0,1226.0,1402.0,0.0,0.0,1.0,90.0,0.1,12595048.424959922
7.100199841596137,414.88208843094105,1226.0,1402.0,0.0,0.0,1.0,90.0,0.1,12595048.424959922
7.218547257238506,413.45503537172544,1226.0,1402.0,0.0,0.0,1.0,90.0,0.1,16540447.578962171
7.218547257238506,414.6,1226.0,1402.0,0.0,0.0,1.0,90.0,0.1,16540447.578962171
7.218547257238506,415.7449646282746,1226.0,1402.0,0.0,0.0,1.0,90.0,0.1,16540447.578962171
7.298308645065224,413.45503537172544,1226.0,1402.0,0.0,0.0,1.0,90.0,0.1,19875068.999999993
7.298308645065224,415.7449646282746,1226.0,1402.0,0.0,0.0,1.0,90.0,0.1,19875068.999999993
7.378070032891942,413.45503537172544,1226.0,1402.0,0.0,0.0,1.0,90.0,0.1,23881963.645118367
7.378070032891942,414.6,1226.0,1402.0,0.0,0.0,1.0,90.0,0.1,23881963.645118367
7.378070032891942,415.7449646282746,1226.0,1402.0,0.0,0.0,1.0,90.0,0.1,23881963.645118367
8.036074605349102,413.11791156905895,1226.0,1402.0,0.0,0.0,1.0,90.0,0.1,108661227.14529575
8.036074605349102,414.0,1226.0,1402.0,0.0,0.0,1.0,90.0,0.1,108661227.14529575
8.036074605349102,414.88208843094105,1226.0,1402.0,0.0,0.0,1.0,90.0,0.1,108661227.14529575
8.10612605092992,413.11791156905895,1226.0,1402.0,0.0,0.0,1.0,90.0,0.1,127680934.0000001
8.10612605092992,414.88208843094105,1226.0,1402.0,0.0,0.0,1.0,90.0,0.1,127680934.0000001
8.176177496510737,413.11791156905895,1226.0,1402.0,0.0,0.0,1.0,90.0,0.1,150029788.3191922
8.176177496510737,414.0,1226.0,1402.0,0.0,0.0,1.0,90.0,0.1,150029788.3191922
8.176177496510737,414.88208843094105,1226.0,1402.0,0.0,0.0,1.0,90.0,0.1,150029788.3191922
8.578972340086114,395.31791156905894,1226.0,1402.0,0.0,0.0,1.0,90.0,0.1,379290827.4350627
8.578972340086114,396.2,1226.0,1402.0,0.0,0.0,1.0,90.0,0.1,379290827.4350627
8.578972340086114,397.08208843094104,1226.0,1402.0,0.0,0.0,1.0,90.0,0.1,379290827.4350627
8.649023785666932,395.31791156905894,1226.0,1402.0,0.0,0.0,1.0,90.0,0.1,445680657.0000002
8.649023785666932,397.08208843094104,1226.0,1402.0,0.0,0.0,1.0,90.0,0.1,445680657.0000002
8.71907523124775,395.31791156905894,1226.0,1402.0,0.0,0.0,1.0,90.0,0.1,523691145.8344163
8.71907523124775,396.2,1226.0,1402.0,0.0,0.0,1.0,90.0,0.1,523691145.8344163
8.71907523124775,397.08208843094104,1226.0,1402.0,0.0,0.0,1.0,90.0,0.1,523691145.8344163
8.699642731166298,395.31791156905894,1226.0,1402.0,0.0,0.0,1.0,90.0,0.1,500775105.5539704
8.699642731166298,396.2,1226.0,1402.0,0.0,0.0,1.0,90.0,0.1,500775105.5539704
8.699642731166298,397.08208843094104,1226.0,1402.0,0.0,0.0,1.0,90.0,0.1,500775105.5539704
8.769694176747116,395.31791156905894,1226.0,1402.0,0.0,0.0,1.0,90.0,0.1,588429146.9999995
8.769694176747116,397.08208843094104,1226.0,1402.0,0.0,0.0,1.0,90.0,0.1,588429146.9999995
8.839745622327934,395.31791156905894,1226.0,1402.0,0.0,0.0,1.0,90.0,0.1,691425866.0204717
8.839745622327934,396.2,1226.0,1402.0,0.0,0.0,1.0,90.0,0.1,691425866.0204717
8.839745622327934,397.08208843094104,1226.0,1402.0,0.0,0.0,1.0,90.0,0.1,691425866.0204717
7.556074900572555,413.976,1205.0233010569732,1395.093515333601,0.0,1.0,1.0,90.0,0.1,35981138.465442814
7.556074900572555,414.0,1205.3292167805282,1394.8552552159533,0.0,1.0,1.0,90.0,0.1,35981138.465442814
7.556074900572555,414.024,1204.260803825024,1394.764500105665,0.0,1.0,1.0,90.0,0.1,35981138.465442814
7.599980799159619,413.976,1205.2868066980157,1395.2557378008764,0.0,1.0,1.0,90.0,0.1,39808956.99999997
7.599980799159619,414.024,1204.8137821321839,1394.7733380463085,0.0,1.0,1.0,90.0,0.1,39808956.99999997
7.643886697746683,413.976,1205.5279779575365,1395.2280402760086,0.0,1.0,1.0,90.0,0.1,44043994.29856516
7.643886697746683,414.0,1205.7830755441948,1395.0732710970126,0.0,1.0,1.0,90.0,0.1,44043994.29856516
7.643886697746683,414.024,1205.742224761166,1394.6676438951397,0.0,1.0,1.0,90.0,0.1,44043994.29856516
8.102443617323974,413.976,1204.1918596250857,1394.7205653914784,0.0,1.0,1.0,90.0,0.1,126602889.3488849
8.102443617323974,414.0,1205.4374493144137,1394.7047945982313,0.0,1.0,1.0,90.0,0.1,126602889.3488849
8.102443617323974,414.024,1204.992519436824,1394.981280831885,0.0,1.0,1.0,90.0,0.1,126602889.3488849
8.146349515911037,413.976,1204.6105089869932,1395.254045026045,0.0,1.0,1.0,90.0,0.1,140071415.0
8.146349515911037,414.024,1204.3218927870923,1394.898810549038,0.0,1.0,1.0,90.0,0.1,140071415.0
8.1902554144981,413.976,1205.5641274327386,1394.6779367971867,0.0,1.0,1.0,90.0,0.1,154972776.6957558
8.1902554144981,414.0,1205.3558577943875,1395.2170036359016,0.0,1.0,1.0,90.0,0.1,154972776.6957558
8.1902554144981,414.024,1205.8894219353901,1395.2580857331156,0.0,1.0,1.0,90.0,0.1,154972776.6957558
7.9711194595090555,385.352,1204.6283699273124,1395.0592334619282,0.0,1.0,1.0,90.0,0.1,93566300.75400172
7.9711194595090555,387.0,1204.130251187702,1394.8339334160357,0.0,1.0,1.0,90.0,0.1,93566300.75400172
7.9711194595090555,388.648,1204.1650835782684,1394.873244885611,0.0,1.0,1.0,90.0,0.1,93566300.75400172
8.00538693355953,385.352,1205.771974474032,1394.895178287599,0.0,1.0,1.0,90.0,0.1,101248112.00000016
8.00538693355953,388.648,1205.1273597654558,1394.9543087798197,0.0,1.0,1.0,90.0,0.1,101248112.00000016
8.039654407610003,385.352,1204.9154678160444,1395.322059338852,0.0,1.0,1.0,90.0,0.1,109560601.42332949
8.039654407610003,387.0,1204.580573267156,1395.0873263949886,0.0,1.0,1.0,90.0,0.1,109560601.42332949
8.039654407610003,388.648,1204.8355232364183,1394.6990089801307,0.0,1.0,1.0,90.0,0.1,109560601.42332949
8.343006037922445,358.55199999999996,1204.9780474244596,1395.2149087557304,0.0,1.0,1.0,90.0,0.1,220295709.0178947
8.343006037922445,360.2,1204.1744055904694,1394.7048015005964,0.0,1.0,1.0,90.0,0.1,220295709.0178947
8.343006037922445,361.848,1204.2873221280631,1395.181340701035,0.0,1.0,1.0,90.0,0.1,220295709.0178947
8.377273511972918,358.55199999999996,1205.4608864925503,1395.0445929002497,0.0,1.0,1.0,90.0,0.1,238382029.00000042
8.377273511972918,361.848,1204.9346235582962,1395.266336027992,0.0,1.0,1.0,90.0,0.1,238382029.00000042
8.411540986023391,358.55199999999996,1205.5487498104783,1395.2139478165732,0.0,1.0,1.0,90.0,0.1,257953239.32315472
8.411540986023391,360.2,1205.6445595469256,1395.0978835778672,0.0,1.0,1.0,90.0,0.1,257953239.32315472
8.411540986023391,361.848,1204.9136120924486,1395.2501168360263,0.0,1.0,1.0,90.0,0.1,257953239.32315472
8.966469725411468,358.55199999999996,1205.8765406718057,1394.6733989804682,0.0,1.0,1.0,90.0,0.1,925698852.574659
8.966469725411468,360.2,1204.0772921399662,1395.3146323600974,0.0,1.0,1.0,90.0,0.1,925698852.574659
8.966469725411468,361.848,1204.5414920558314,1395.2560780915533,0.0,1.0,1.0,90.0,0.1,925698852.574659
9.0,358.55199999999996,1204.7711880190207,1394.7387570594644,0.0,1.0,1.0,90.0,0.1,1000000000.0
9.0,361.848,1204.1367319348142,1394.7644134941797,0.0,1.0,1.0,90.0,0.1,1000000000.0
9.0,358.55199999999996,1204.485387394831,1394.9921252312026,0.0,1.0,1.0,90.0,0.1,1000000000.0
9.0,360.2,1205.4145963141277,1395.3335999307214,0.0,1.0,1.0,90.0,0.1,1000000000.0
9.0,361.848,1204.8796459488385,1395.0124722723278,0.0,1.0,1.0,90.0,0.1,1000000000.0
6.925727234395758,447.79545923149516,556.1518372816274,780.4889860080505,1.0,1.0,0.0,90.0,0.1,8428052.541633366
6.925727234395758,450.0,556.1234749734471,773.9088069627678,1.0,1.0,0.0,90.0,0.1,8428052.541633366
6.925727234395758,452.20454076850484,552.5320047618845,775.0110623447639,1.0,1.0,0.0,90.0,0.1,8428052.541633366
7.0,447.79545923149516,553.2268339598671,782.5407216710395,1.0,1.0,0.0,90.0,0.1,10000000.0
7.0,452.20454076850484,553.9462155863114,784.8944548989696,1.0,1.0,0.0,90.0,0.1,10000000.0
7.074272765604242,447.79545923149516,558.9831000538561,785.9010773899091,1.0,1.0,0.0,90.0,0.1,11865137.23140837
7.074272765604242,450.0,559.0560058820137,777.1714151917897,1.0,1.0,0.0,90.0,0.1,11865137.23140837
7.074272765604242,452.20454076850484,556.0680468391364,775.975641630442,1.0,1.0,0.0,90.0,0.1,11865137.23140837
6.062213015474661,385.1722800704454,603.2300941515571,987.9409773341454,1.0,0.0,0.0,0.0,0.1,1154019.1495613216
6.062213015474661,388.0,603.4111845901261,985.6670373695772,1.0,0.0,0.0,0.0,0.1,1154019.1495613216
6.062213015474661,390.8277199295546,603.0391352047164,983.9891195793333,1.0,0.0,0.0,0.0,0.1,1154019.1495613216
6.1384792227336336,385.1722800704454,600.1530882215632,987.265411998671,1.0,0.0,0.0,0.0,0.1,1375558.9999999986
6.1384792227336336,390.8277199295546,601.700139956589,988.4762393956876,1.0,0.0,0.0,0.0,0.1,1375558.9999999986
6.214745429992606,385.1722800704454,600.3821044657739,987.7770569706674,1.0,0.0,0.0,0.0,0.1,1639628.3919554246
6.214745429992606,388.0,601.9195887079034,987.6347561384019,1.0,0.0,0.0,0.0,0.1,1639628.3919554246
6.214745429992606,390.8277199295546,603.2739520407252,988.0786950064492,1.0,0.0,0.0,0.0,0.1,1639628.3919554246
7.023152444068804,329.864209748126,601.1879305088722,988.247628961336,1.0,0.0,0.0,0.0,0.1,10547570.674360624
7.023152444068804,332.0,600.6006893394106,983.9111150894464,1.0,0.0,0.0,0.0,0.1,10547570.674360624
7.023152444068804,334.135790251874,601.7252883744304,987.640616437777,1.0,0.0,0.0,0.0,0.1,10547570.674360624
7.081564868687119,329.864209748126,601.8932283446634,987.6454320516541,1.0,0.0,0.0,0.0,0.1,12066042.999999994
7.081564868687119,334.135790251874,602.9226893787471,984.5480255370989,1.0,0.0,0.0,0.0,0.1,12066042.999999994
7.139977293305434,329.864209748126,603.8032307349007,983.8052414745498,1.0,0.0,0.0,0.0,0.1,13803120.943455946
7.139977293305434,332.0,603.5999545757551,985.0228119177025,1.0,0.0,0.0,0.0,0.1,13803120.943455946
7.139977293305434,334.135790251874,602.0005948742353,985.6119954856136,1.0,0.0,0.0,0.0,0.1,13803120.943455946
5.944138083657859,1376.6282857440415,1210.0,1470.0,0.0,1.0,1.0,90.0,-1.0,879302.045923931
5.944138083657859,1378.0,1210.0,1470.0,0.0,1.0,1.0,90.0,-1.0,879302.045923931
5.944138083657859,1379.3717142559585,1210.0,1470.0,0.0,1.0,1.0,90.0,-1.0,879302.045923931
5.956648579205203,1376.6282857440415,1210.0,1470.0,0.0,1.0,1.0,90.0,-1.0,905000.0
5.956648579205203,1379.3717142559585,1210.0,1470.0,0.0,1.0,1.0,90.0,-1.0,905000.0
5.969159074752548,1376.6282857440415,1210.0,1470.0,0.0,1.0,1.0,90.0,-1.0,931448.9870649686
5.969159074752548,1378.0,1210.0,1470.0,0.0,1.0,1.0,90.0,-1.0,931448.9870649686
5.969159074752548,1379.3717142559585,1210.0,1470.0,0.0,1.0,1.0,90.0,-1.0,931448.9870649686
5.750564144176169,1376.6282857440415,1210.0,1470.0,0.0,1.0,1.0,90.0,-1.0,563072.2755775106
5.750564144176169,1378.0,1210.0,1470.0,0.0,1.0,1.0,90.0,-1.0,563072.2755775106
5.750564144176169,1379.3717142559585,1210.0,1470.0,0.0,1.0,1.0,90.0,-1.0,563072.2755775106
5.764922984649888,1376.6282857440415,1210.0,1470.0,0.0,1.0,1.0,90.0,-1.0,581999.9999999995
5.764922984649888,1379.3717142559585,1210.0,1470.0,0.0,1.0,1.0,90.0,-1.0,581999.9999999995
5.779281825123608,1376.6282857440415,1210.0,1470.0,0.0,1.0,1.0,90.0,-1.0,601563.9815556359
5.779281825123608,1378.0,1210.0,1470.0,0.0,1.0,1.0,90.0,-1.0,601563.9815556359
5.779281825123608,1379.3717142559585,1210.0,1470.0,0.0,1.0,1.0,90.0,-1.0,601563.9815556359
6.08091118961489,1376.6282857440415,1210.0,1470.0,0.0,1.0,1.0,90.0,-1.0,1204789.5435863796
6.08091118961489,1378.0,1210.0,1470.0,0.0,1.0,1.0,90.0,-1.0,1204789.5435863796
6.08091118961489,1379.3717142559585,1210.0,1470.0,0.0,1.0,1.0,90.0,-1.0,1204789.5435863796
6.093421685162235,1376.6282857440415,1210.0,1470.0,0.0,1.0,1.0,90.0,-1.0,1239999.9999999988
6.093421685162235,1379.3717142559585,1210.0,1470.0,0.0,1.0,1.0,90.0,-1.0,1239999.9999999988
6.105932180709579,1376.6282857440415,1210.0,1470.0,0.0,1.0,1.0,90.0,-1.0,1276239.4960890166
6.105932180709579,1378.0,1210.0,1470.0,0.0,1.0,1.0,90.0,-1.0,1276239.4960890166
6.105932180709579,1379.3717142559585,1210.0,1470.0,0.0,1.0,1.0,90.0,-1.0,1276239.4960890166
6.012296452959021,1348.7262653337527,1210.0,1470.0,0.0,1.0,1.0,90.0,-1.0,1028718.2700031303
6.012296452959021,1350.0,1210.0,1470.0,0.0,1.0,1.0,90.0,-1.0,1028718.2700031303
6.012296452959021,1351.2737346662473,1210.0,1470.0,0.0,1.0,1.0,90.0,-1.0,1028718.2700031303
6.02530586526477,1348.7262653337527,1210.0,1470.0,0.0,1.0,1.0,90.0,-1.0,1060000.0000000005
6.02530586526477,1351.2737346662473,1210.0,1470.0,0.0,1.0,1.0,90.0,-1.0,1060000.0000000005
6.03831527757052,1348.7262653337527,1210.0,1470.0,0.0,1.0,1.0,90.0,-1.0,1092232.9589777596
6.03831527757052,1350.0,1210.0,1470.0,0.0,1.0,1.0,90.0,-1.0,1092232.9589777596
6.03831527757052,1351.2737346662473,1210.0,1470.0,0.0,1.0,1.0,90.0,-1.0,1092232.9589777596
6.097580297993499,1348.7262653337527,1210.0,1470.0,0.0,1.0,1.0,90.0,-1.0,1251930.7248151293
6.097580297993499,1350.0,1210.0,1470.0,0.0,1.0,1.0,90.0,-1.0,1251930.7248151293
6.097580297993499,1351.2737346662473,1210.0,1470.0,0.0,1.0,1.0,90.0,-1.0,1251930.7248151293
6.110589710299249,1348.7262653337527,1210.0,1470.0,0.0,1.0,1.0,90.0,-1.0,1289999.9999999995
6.110589710299249,1351.2737346662473,1210.0,1470.0,0.0,1.0,1.0,90.0,-1.0,1289999.9999999995
6.123599122604999,1348.7262653337527,1210.0,1470.0,0.0,1.0,1.0,90.0,-1.0,1329226.9029068951
6.123599122604999,1350.0,1210.0,1470.0,0.0,1.0,1.0,90.0,-1.0,1329226.9029068951
6.123599122604999,1351.2737346662473,1210.0,1470.0,0.0,1.0,1.0,90.0,-1.0,1329226.9029068951
5.715344369715479,1348.7262653337527,1210.0,1470.0,0.0,1.0,1.0,90.0,-1.0,519211.57967139105
5.715344369715479,1350.0,1210.0,1470.0,0.0,1.0,1.0,90.0,-1.0,519211.57967139105
5.715344369715479,1351.2737346662473,1210.0,1470.0,0.0,1.0,1.0,90.0,-1.0,519211.57967139105
5.7283537820212285,1348.7262653337527,1210.0,1470.0,0.0,1.0,1.0,90.0,-1.0,535000.0
5.7283537820212285,1351.2737346662473,1210.0,1470.0,0.0,1.0,1.0,90.0,-1.0,535000.0
5.741363194326978,1348.7262653337527,1210.0,1470.0,0.0,1.0,1.0,90.0,-1.0,551268.5217482087
5.741363194326978,1350.0,1210.0,1470.0,0.0,1.0,1.0,90.0,-1.0,551268.5217482087
5.741363194326978,1351.2737346662473,1210.0,1470.0,0.0,1.0,1.0,90.0,-1.0,551268.5217482087
6.011667131952579,1322.3556156167124,1210.0,1470.0,0.0,1.0,1.0,90.0,-1.0,1027228.6697148385
6.011667131952579,1324.0,1210.0,1470.0,0.0,1.0,1.0,90.0,-1.0,1027228.6697148385
6.011667131952579,1325.6443843832876,1210.0,1470.0,0.0,1.0,1.0,90.0,-1.0,1027228.6697148385
6.02530586526477,1322.3556156167124,1210.0,1470.0,0.0,1.0,1.0,90.0,-1.0,1060000.0000000005
6.02530586526477,1325.6443843832876,1210.0,1470.0,0.0,1.0,1.0,90.0,-1.0,1060000.0000000005
6.038944598576962,1322.3556156167124,1210.0,1470.0,0.0,1.0,1.0,90.0,-1.0,1093816.822998053
6.038944598576962,1324.0,1210.0,1470.0,0.0,1.0,1.0,90.0,-1.0,1093816.822998053
6.038944598576962,1325.6443843832876,1210.0,1470.0,0.0,1.0,1.0,90.0,-1.0,1093816.822998053
5.980238181629019,1322.3556156167124,1210.0,1470.0,0.0,1.0,1.0,90.0,-1.0,955516.4795649339
5.980238181629019,1324.0,1210.0,1470.0,0.0,1.0,1.0,90.0,-1.0,955516.4795649339
5.980238181629019,1325.6443843832876,1210.0,1470.0,0.0,1.0,1.0,90.0,-1.0,955516.4795649339
5.993876914941211,1322.3556156167124,1210.0,1470.0,0.0,1.0,1.0,90.0,-1.0,985999.9999999995
5.993876914941211,1325.6443843832876,1210.0,1470.0,0.0,1.0,1.0,90.0,-1.0,985999.9999999995
6.007515648253403,1322.3556156167124,1210.0,1470.0,0.0,1.0,1.0,90.0,-1.0,1017456.0259208294
6.007515648253403,1324.0,1210.0,1470.0,0.0,1.0,1.0,90.0,-1.0,1017456.0259208294
6.007515648253403,1325.6443843832876,1210.0,1470.0,0.0,1.0,1.0,90.0,-1.0,1017456.0259208294
6.345161268410773,1322.3556156167124,1210.0,1470.0,0.0,1.0,1.0,90.0,-1.0,2213916.66004434
6.345161268410773,1324.0,1210.0,1470.0,0.0,1.0,1.0,90.0,-1.0,2213916.66004434
6.345161268410773,1325.6443843832876,1210.0,1470.0,0.0,1.0,1.0,90.0,-1.0,2213916.66004434
6.357934847000454,1322.3556156167124,1210.0,1470.0,0.0,1.0,1.0,90.0,-1.0,2280000.000000001
6.357934847000454,1325.6443843832876,1210.0,1470.0,0.0,1.0,1.0,90.0,-1.0,2280000.000000001
6.370708425590135,1322.3556156167124,1210.0,1470.0,0.0,1.0,1.0,90.0,-1.0,2348055.86579573
6.370708425590135,1324.0,1210.0,1470.0,0.0,1.0,1.0,90.0,-1.0,2348055.86579573
6.370708425590135,1325.6443843832876,1210.0,1470.0,0.0,1.0,1.0,90.0,-1.0,2348055.86579573
6.098605524492256,1297.28,1210.0,1470.0,0.0,1.0,1.0,90.0,-1.0,1254889.6127947203
6.098605524492256,1298.0,1210.0,1470.0,0.0,1.0,1.0,90.0,-1.0,1254889.6127947203
6.098605524492256,1298.72,1210.0,1470.0,0.0,1.0,1.0,90.0,-1.0,1254889.6127947203
6.127104798364807,1297.28,1210.0,1470.0,0.0,1.0,1.0,90.0,-1.0,1339999.9999999988
6.127104798364807,1298.72,1210.0,1470.0,0.0,1.0,1.0,90.0,-1.0,1339999.9999999988
6.155604072237359,1297.28,1210.0,1470.0,0.0,1.0,1.0,90.0,-1.0,1430882.8296068844
6.155604072237359,1298.0,1210.0,1470.0,0.0,1.0,1.0,90.0,-1.0,1430882.8296068844
6.155604072237359,1298.72,1210.0,1470.0,0.0,1.0,1.0,90.0,-1.0,1430882.8296068844
6.000884503812658,1297.28,1210.0,1470.0,0.0,1.0,1.0,90.0,-1.0,1002038.7206644419
6.000884503812658,1298.0,1210.0,1470.0,0.0,1.0,1.0,90.0,-1.0,1002038.7206644419
6.000884503812658,1298.72,1210.0,1470.0,0.0,1.0,1.0,90.0,-1.0,1002038.7206644419
6.02938377768521,1297.28,1210.0,1470.0,0.0,1.0,1.0,90.0,-1.0,1070000.0000000002
6.02938377768521,1298.72,1210.0,1470.0,0.0,1.0,1.0,90.0,-1.0,1070000.0000000002
6.057883051557761,1297.28,1210.0,1470.0,0.0,1.0,1.0,90.0,-1.0,1142570.61767117
6.057883051557761,1298.0,1210.0,1470.0,0.0,1.0,1.0,90.0,-1.0,1142570.61767117
6.057883051557761,1298.72,1210.0,1470.0,0.0,1.0,1.0,90.0,-1.0,1142570.61767117
6.751552306244502,1297.28,1210.0,1470.0,0.0,1.0,1.0,90.0,-1.0,5643549.079195266
6.751552306244502,1298.0,1210.0,1470.0,0.0,1.0,1.0,90.0,-1.0,5643549.079195266
6.751552306244502,1298.72,1210.0,1470.0,0.0,1.0,1.0,90.0,-1.0,5643549.079195266
6.781036938621132,1297.28,1210.0,1470.0,0.0,1.0,1.0,90.0,-1.0,6040000.000000006
6.781036938621132,1298.72,1210.0,1470.0,0.0,1.0,1.0,90.0,-1.0,6040000.000000006
6.8105215709977625,1297.28,1210.0,1470.0,0.0,1.0,1.0,90.0,-1.0,6464301.007762674
6.8105215709977625,1298.0,1210.0,1470.0,0.0,1.0,1.0,90.0,-1.0,6464301.007762674
6.8105215709977625,1298.72,1210.0,1470.0,0.0,1.0,1.0,90.0,-1.0,6464301.007762674
6.068410739135505,1297.28,1210.0,1470.0,0.0,1.0,1.0,90.0,-1.0,1170605.9820846277
6.068410739135505,1298.0,1210.0,1470.0,0.0,1.0,1.0,90.0,-1.0,1170605.9820846277
6.068410739135505,1298.72,1210.0,1470.0,0.0,1.0,1.0,90.0,-1.0,1170605.9820846277
6.096910013008056,1297.28,1210.0,1470.0,0.0,1.0,1.0,90.0,-1.0,1249999.9999999995
6.096910013008056,1298.72,1210.0,1470.0,0.0,1.0,1.0,90.0,-1.0,1249999.9999999995
6.125409286880608,1297.28,1210.0,1470.0,0.0,1.0,1.0,90.0,-1.0,1334778.7589616464
6.125409286880608,1298.0,1210.0,1470.0,0.0,1.0,1.0,90.0,-1.0,1334778.7589616464
6.125409286880608,1298.72,1210.0,1470.0,0.0,1.0,1.0,90.0,-1.0,1334778.7589616464
6.438312884983489,1279.68,1210.0,1470.0,0.0,1.0,1.0,90.0,-1.0,2743550.035074001
6.438312884983489,1280.0,1210.0,1470.0,0.0,1.0,1.0,90.0,-1.0,2743550.035074001
6.438312884983489,1280.32,1210.0,1470.0,0.0,1.0,1.0,90.0,-1.0,2743550.035074001
6.474216264076255,1279.68,1210.0,1470.0,0.0,1.0,1.0,90.0,-1.0,2980000.0000000005
6.474216264076255,1280.32,1210.0,1470.0,0.0,1.0,1.0,90.0,-1.0,2980000.0000000005
6.510119643169022,1279.68,1210.0,1470.0,0.0,1.0,1.0,90.0,-1.0,3236828.155663825
6.510119643169022,1280.0,1210.0,1470.0,0.0,1.0,1.0,90.0,-1.0,3236828.155663825
6.510119643169022,1280.32,1210.0,1470.0,0.0,1.0,1.0,90.0,-1.0,3236828.155663825
7.021265249417497,1279.68,1210.0,1470.0,0.0,1.0,1.0,90.0,-1.0,10501836.42302413
7.021265249417497,1280.0,1210.0,1470.0,0.0,1.0,1.0,90.0,-1.0,10501836.42302413
7.021265249417497,1280.32,1210.0,1470.0,0.0,1.0,1.0,90.0,-1.0,10501836.42302413
7.049218022670182,1279.68,1210.0,1470.0,0.0,1.0,1.0,90.0,-1.0,11200000.00000001
7.049218022670182,1280.32,1210.0,1470.0,0.0,1.0,1.0,90.0,-1.0,11200000.00000001
7.077170795922867,1279.68,1210.0,1470.0,0.0,1.0,1.0,90.0,-1.0,11944577.590733245
7.077170795922867,1280.0,1210.0,1470.0,0.0,1.0,1.0,90.0,-1.0,11944577.590733245
7.077170795922867,1280.32,1210.0,1470.0,0.0,1.0,1.0,90.0,-1.0,11944577.590733245
6.5094037373730576,1279.68,1210.0,1470.0,0.0,1.0,1.0,90.0,-1.0,3231496.8533925298
6.5094037373730576,1280.0,1210.0,1470.0,0.0,1.0,1.0,90.0,-1.0,3231496.8533925298
6.5094037373730576,1280.32,1210.0,1470.0,0.0,1.0,1.0,90.0,-1.0,3231496.8533925298
6.545307116465824,1279.68,1210.0,1470.0,0.0,1.0,1.0,90.0,-1.0,3509999.999999998
6.545307116465824,1280.32,1210.0,1470.0,0.0,1.0,1.0,90.0,-1.0,3509999.999999998
6.58121049555859,1279.68,1210.0,1470.0,0.0,1.0,1.0,90.0,-1.0,3812505.646436248
6.58121049555859,1280.0,1210.0,1470.0,0.0,1.0,1.0,90.0,-1.0,3812505.646436248
6.58121049555859,1280.32,1210.0,1470.0,0.0,1.0,1.0,90.0,-1.0,3812505.646436248
7.075850947703272,1279.68,1210.0,1470.0,0.0,1.0,1.0,90.0,-1.0,11908332.37253629
7.075850947703272,1280.0,1210.0,1470.0,0.0,1.0,1.0,90.0,-1.0,11908332.37253629
7.075850947703272,1280.32,1210.0,1470.0,0.0,1.0,1.0,90.0,-1.0,11908332.37253629
7.103803720955957,1279.68,1210.0,1470.0,0.0,1.0,1.0,90.0,-1.0,12700000.000000011
7.103803720955957,1280.32,1210.0,1470.0,0.0,1.0,1.0,90.0,-1.0,12700000.000000011
7.131756494208642,1279.68,1210.0,1470.0,0.0,1.0,1.0,90.0,-1.0,13544297.803777877
7.131756494208642,1280.0,1210.0,1470.0,0.0,1.0,1.0,90.0,-1.0,13544297.803777877
7.131756494208642,1280.32,1210.0,1470.0,0.0,1.0,1.0,90.0,-1.0,13544297.803777877
6.982160722612177,1272.0,1210.0,1470.0,0.0,1.0,1.0,90.0,-1.0,9597557.498010064
7.1762017694830735,1272.0,1210.0,1470.0,0.0,1.0,1.0,90.0,-1.0,15003817.380605102
8.845979069930593,1272.0,1210.0,1470.0,0.0,1.0,1.0,90.0,-1.0,701421493.8129026
9.0,1272.0,1210.0,1470.0,0.0,1.0,1.0,90.0,-1.0,1000000000.0
6.064347478799527,1272.0,1210.0,1470.0,0.0,1.0,1.0,90.0,-1.0,1159704.8643428828
6.258388525670424,1272.0,1210.0,1470.0,0.0,1.0,1.0,90.0,-1.0,1812961.2668231167
8.251284339612713,1272.0,1210.0,1470.0,0.0,1.0,1.0,90.0,-1.0,178354610.1713539
8.44532538648361,1272.0,1210.0,1470.0,0.0,1.0,1.0,90.0,-1.0,278820939.6562452
7.624790091777098,1272.0,1210.0,1470.0,0.0,1.0,1.0,90.0,-1.0,42149273.34542747
7.818831138647995,1272.0,1210.0,1470.0,0.0,1.0,1.0,90.0,-1.0,65891764.663157314
4.390146309555602,1591.2981840975576,1105.6369379333487,1309.2543607032526,0.0,1.0,1.0,0.0,-1.0,24555.36022380979
4.390146309555602,1600.0,1104.2958827741493,1305.4770322228844,0.0,1.0,1.0,0.0,-1.0,24555.36022380979
4.390146309555602,1608.7018159024424,1107.5890982332114,1303.0030951828533,0.0,1.0,1.0,0.0,-1.0,24555.36022380979
4.460521992900201,1591.2981840975576,1109.8647416882707,1313.4043496146041,0.0,1.0,1.0,0.0,-1.0,28875.000000000025
4.460521992900201,1608.7018159024424,1102.8487627430793,1312.0606091447205,0.0,1.0,1.0,0.0,-1.0,28875.000000000025
4.5308976762448,1591.2981840975576,1107.045816877918,1304.0236306661623,0.0,1.0,1.0,0.0,-1.0,33954.52631933094
4.5308976762448,1600.0,1103.6889715477828,1307.5642881314013,0.0,1.0,1.0,0.0,-1.0,33954.52631933094
4.5308976762448,1608.7018159024424,1108.0302590310407,1311.1883220913587,0.0,1.0,1.0,0.0,-1.0,33954.52631933094
4.525024612047103,1398.4120453406977,1106.26819393267,1312.4571277953087,0.0,1.0,1.0,0.0,-1.0,33498.442263360004
4.525024612047103,1400.0,1108.1460419935233,1310.5180259043218,0.0,1.0,1.0,0.0,-1.0,33498.442263360004
4.525024612047103,1401.5879546593023,1108.3877574937617,1306.8653122671562,0.0,1.0,1.0,0.0,-1.0,33498.442263360004
4.5789484916621115,1398.4120453406977,1109.171996075644,1310.480041905129,0.0,1.0,1.0,0.0,-1.0,37926.999999999985
4.5789484916621115,1401.5879546593023,1108.6820644349193,1309.596074869699,0.0,1.0,1.0,0.0,-1.0,37926.999999999985
4.63287237127712,1398.4120453406977,1103.6574061983058,1309.5462424573766,0.0,1.0,1.0,0.0,-1.0,42941.02148664261
4.63287237127712,1400.0,1104.9276490426212,1311.5437875841578,0.0,1.0,1.0,0.0,-1.0,42941.02148664261
4.63287237127712,1401.5879546593023,1105.798604347233,1313.3291329274687,0.0,1.0,1.0,0.0,-1.0,42941.02148664261
7.558703100068282,1253.28,1210.0,1470.0,0.0,1.0,1.0,90.0,-1.0,36199544.020037495
7.558703100068282,1254.0,1210.0,1470.0,0.0,1.0,1.0,90.0,-1.0,36199544.020037495
7.558703100068282,1254.72,1210.0,1470.0,0.0,1.0,1.0,90.0,-1.0,36199544.020037495
7.61066016308988,1253.28,1210.0,1470.0,0.0,1.0,1.0,90.0,-1.0,40799999.99999996
7.61066016308988,1254.72,1210.0,1470.0,0.0,1.0,1.0,90.0,-1.0,40799999.99999996
7.662617226111477,1253.28,1210.0,1470.0,0.0,1.0,1.0,90.0,-1.0,45985109.621230885
7.662617226111477,1254.0,1210.0,1470.0,0.0,1.0,1.0,90.0,-1.0,45985109.621230885
7.662617226111477,1254.72,1210.0,1470.0,0.0,1.0,1.0,90.0,-1.0,45985109.621230885
8.065314232634167,1253.28,1210.0,1470.0,0.0,1.0,1.0,90.0,-1.0,116228928.10355191
8.065314232634167,1254.0,1210.0,1470.0,0.0,1.0,1.0,90.0,-1.0,116228928.10355191
8.065314232634167,1254.72,1210.0,1470.0,0.0,1.0,1.0,90.0,-1.0,116228928.10355191
8.117271295655764,1253.28,1210.0,1470.0,0.0,1.0,1.0,90.0,-1.0,130999999.99999979
8.117271295655764,1254.72,1210.0,1470.0,0.0,1.0,1.0,90.0,-1.0,130999999.99999979
8.16922835867736,1253.28,1210.0,1470.0,0.0,1.0,1.0,90.0,-1.0,147648268.63679484
8.16922835867736,1254.0,1210.0,1470.0,0.0,1.0,1.0,90.0,-1.0,147648268.63679484
8.16922835867736,1254.72,1210.0,1470.0,0.0,1.0,1.0,90.0,-1.0,147648268.63679484
8.443587274524852,1253.28,1210.0,1470.0,0.0,1.0,1.0,90.0,-1.0,277707286.2321511
8.443587274524852,1254.0,1210.0,1470.0,0.0,1.0,1.0,90.0,-1.0,277707286.2321511
8.443587274524852,1254.72,1210.0,1470.0,0.0,1.0,1.0,90.0,-1.0,277707286.2321511
8.495544337546448,1253.28,1210.0,1470.0,0.0,1.0,1.0,90.0,-1.0,312999999.9999999
8.495544337546448,1254.72,1210.0,1470.0,0.0,1.0,1.0,90.0,-1.0,312999999.9999999
8.547501400568045,1253.28,1210.0,1470.0,0.0,1.0,1.0,90.0,-1.0,352777924.3001285
8.547501400568045,1254.0,1210.0,1470.0,0.0,1.0,1.0,90.0,-1.0,352777924.3001285
8.547501400568045,1254.72,1210.0,1470.0,0.0,1.0,1.0,90.0,-1.0,352777924.3001285
8.879500807667409,1253.28,1210.0,1470.0,0.0,1.0,1.0,90.0,-1.0,757706141.9880424
8.879500807667409,1254.0,1210.0,1470.0,0.0,1.0,1.0,90.0,-1.0,757706141.9880424
8.879500807667409,1254.72,1210.0,1470.0,0.0,1.0,1.0,90.0,-1.0,757706141.9880424
8.931457870689005,1253.28,1210.0,1470.0,0.0,1.0,1.0,90.0,-1.0,854000000.0000005
8.931457870689005,1254.72,1210.0,1470.0,0.0,1.0,1.0,90.0,-1.0,854000000.0000005
8.983414933710602,1253.28,1210.0,1470.0,0.0,1.0,1.0,90.0,-1.0,962531461.189489
8.983414933710602,1254.0,1210.0,1470.0,0.0,1.0,1.0,90.0,-1.0,962531461.189489
8.983414933710602,1254.72,1210.0,1470.0,0.0,1.0,1.0,90.0,-1.0,962531461.189489
8.99725831482756,1235.28,1210.0,1470.0,0.0,1.0,1.0,90.0,-1.0,993706921.4795579
8.99725831482756,1236.0,1210.0,1470.0,0.0,1.0,1.0,90.0,-1.0,993706921.4795579
8.99725831482756,1236.72,1210.0,1470.0,0.0,1.0,1.0,90.0,-1.0,993706921.4795579
9.0,1235.28,1210.0,1470.0,0.0,1.0,1.0,90.0,-1.0,1000000000.0
9.0,1236.72,1210.0,1470.0,0.0,1.0,1.0,90.0,-1.0,1000000000.0
4.881052551796328,1198.56,1105.5391185856442,1312.5400660233593,0.0,1.0,1.0,0.0,-1.0,76041.82857749236
4.881052551796328,1200.0,1107.9953159979218,1309.4912873794492,0.0,1.0,1.0,0.0,-1.0,76041.82857749236
4.881052551796328,1201.44,1102.5665637396864,1314.4879277466155,0.0,1.0,1.0,0.0,-1.0,76041.82857749236
5.039473607496469,1198.56,1105.6306131120139,1307.2397391110815,0.0,1.0,1.0,0.0,-1.0,109515.00000000007
5.039473607496469,1201.44,1107.0780007278042,1311.2390329398306,0.0,1.0,1.0,0.0,-1.0,109515.00000000007
5.19789466319661,1198.56,1103.592923469692,1313.3397723211522,0.0,1.0,1.0,0.0,-1.0,157722.86712934182
5.19789466319661,1200.0,1104.252276619271,1304.9644889657764,0.0,1.0,1.0,0.0,-1.0,157722.86712934182
5.19789466319661,1201.44,1105.2212467757495,1311.9696138419592,0.0,1.0,1.0,0.0,-1.0,157722.86712934182
5.111198745202477,993.0028577261857,1106.0,1309.0,0.0,1.0,1.0,0.0,-1.0,129181.0306598475
5.111198745202477,1000.0,1106.0,1309.0,0.0,1.0,1.0,0.0,-1.0,129181.0306598475
5.111198745202477,1006.9971422738143,1106.0,1309.0,0.0,1.0,1.0,0.0,-1.0,129181.0306598475
5.153509989300837,993.0028577261857,1106.0,1309.0,0.0,1.0,1.0,0.0,-1.0,142399.99999999994
5.153509989300837,1006.9971422738143,1106.0,1309.0,0.0,1.0,1.0,0.0,-1.0,142399.99999999994
5.195821233399197,993.0028577261857,1106.0,1309.0,0.0,1.0,1.0,0.0,-1.0,156971.65362764665
5.195821233399197,1000.0,1106.0,1309.0,0.0,1.0,1.0,0.0,-1.0,156971.65362764665
5.195821233399197,1006.9971422738143,1106.0,1309.0,0.0,1.0,1.0,0.0,-1.0,156971.65362764665
5.413828471758289,993.0028577261857,1106.0,1309.0,0.0,1.0,1.0,0.0,-1.0,259315.49715693892
5.413828471758289,1000.0,1106.0,1309.0,0.0,1.0,1.0,0.0,-1.0,259315.49715693892
5.413828471758289,1006.9971422738143,1106.0,1309.0,0.0,1.0,1.0,0.0,-1.0,259315.49715693892
5.456139715856649,993.0028577261857,1106.0,1309.0,0.0,1.0,1.0,0.0,-1.0,285851.0000000001
5.456139715856649,1006.9971422738143,1106.0,1309.0,0.0,1.0,1.0,0.0,-1.0,285851.0000000001
5.498450959955009,993.0028577261857,1106.0,1309.0,0.0,1.0,1.0,0.0,-1.0,315101.8550640201
5.498450959955009,1000.0,1106.0,1309.0,0.0,1.0,1.0,0.0,-1.0,315101.8550640201
5.498450959955009,1006.9971422738143,1106.0,1309.0,0.0,1.0,1.0,0.0,-1.0,315101.8550640201
5.545407576305253,913.0028577261857,1106.0,1309.0,0.0,1.0,1.0,0.0,-1.0,351081.2017737053
5.545407576305253,920.0,1106.0,1309.0,0.0,1.0,1.0,0.0,-1.0,351081.2017737053
5.545407576305253,926.9971422738143,1106.0,1309.0,0.0,1.0,1.0,0.0,-1.0,351081.2017737053
5.587718820403613,913.0028577261857,1106.0,1309.0,0.0,1.0,1.0,0.0,-1.0,387007.0000000001
5.587718820403613,926.9971422738143,1106.0,1309.0,0.0,1.0,1.0,0.0,-1.0,387007.0000000001
5.630030064501973,913.0028577261857,1106.0,1309.0,0.0,1.0,1.0,0.0,-1.0,426609.05024912
5.630030064501973,920.0,1106.0,1309.0,0.0,1.0,1.0,0.0,-1.0,426609.05024912
5.630030064501973,926.9971422738143,1106.0,1309.0,0.0,1.0,1.0,0.0,-1.0,426609.05024912
5.746428272258534,823.5069267677009,1106.0,1309.0,0.0,1.0,1.0,0.0,-1.0,557735.4793726043
5.746428272258534,830.0,1106.0,1309.0,0.0,1.0,1.0,0.0,-1.0,557735.4793726043
5.746428272258534,836.4930732322991,1106.0,1309.0,0.0,1.0,1.0,0.0,-1.0,557735.4793726043
5.780701741038929,823.5069267677009,1106.0,1309.0,0.0,1.0,1.0,0.0,-1.0,603534.0
5.780701741038929,836.4930732322991,1106.0,1309.0,0.0,1.0,1.0,0.0,-1.0,603534.0
5.814975209819325,823.5069267677009,1106.0,1309.0,0.0,1.0,1.0,0.0,-1.0,653093.2720395479
5.814975209819325,830.0,1106.0,1309.0,0.0,1.0,1.0,0.0,-1.0,653093.2720395479
5.814975209819325,836.4930732322991,1106.0,1309.0,0.0,1.0,1.0,0.0,-1.0,653093.2720395479
5.996428237677537,823.5069267677009,1106.0,1309.0,0.0,1.0,1.0,0.0,-1.0,991809.4402429789
5.996428237677537,830.0,1106.0,1309.0,0.0,1.0,1.0,0.0,-1.0,991809.4402429789
5.996428237677537,836.4930732322991,1106.0,1309.0,0.0,1.0,1.0,0.0,-1.0,991809.4402429789
6.030701706457933,823.5069267677009,1106.0,1309.0,0.0,1.0,1.0,0.0,-1.0,1073251.9999999993
6.030701706457933,836.4930732322991,1106.0,1309.0,0.0,1.0,1.0,0.0,-1.0,1073251.9999999993
6.064975175238328,823.5069267677009,1106.0,1309.0,0.0,1.0,1.0,0.0,-1.0,1161382.2260270151
6.064975175238328,830.0,1106.0,1309.0,0.0,1.0,1.0,0.0,-1.0,1161382.2260270151
6.064975175238328,836.4930732322991,1106.0,1309.0,0.0,1.0,1.0,0.0,-1.0,1161382.2260270151
6.386779179479124,853.5069267677009,1106.0,1309.0,0.0,1.0,1.0,0.0,-1.0,2436571.608928836
6.386779179479124,860.0,1106.0,1309.0,0.0,1.0,1.0,0.0,-1.0,2436571.608928836
6.386779179479124,866.4930732322991,1106.0,1309.0,0.0,1.0,1.0,0.0,-1.0,2436571.608928836
6.421052648259519,853.5069267677009,1106.0,1309.0,0.0,1.0,1.0,0.0,-1.0,2636650.9999999986
6.421052648259519,866.4930732322991,1106.0,1309.0,0.0,1.0,1.0,0.0,-1.0,2636650.9999999986
6.455326117039915,853.5069267677009,1106.0,1309.0,0.0,1.0,1.0,0.0,-1.0,2853159.9360041777
6.455326117039915,860.0,1106.0,1309.0,0.0,1.0,1.0,0.0,-1.0,2853159.9360041777
6.455326117039915,866.4930732322991,1106.0,1309.0,0.0,1.0,1.0,0.0,-1.0,2853159.9360041777
5.217431079830749,1192.8445824720006,634.0,980.0,0.0,1.0,0.0,90.0,-1.0,164979.91664014518
5.217431079830749,1200.0,634.0,980.0,0.0,1.0,0.0,90.0,-1.0,164979.91664014518
5.217431079830749,1207.1554175279994,634.0,980.0,0.0,1.0,0.0,90.0,-1.0,164979.91664014518
5.313270182317603,1192.8445824720006,634.0,980.0,0.0,1.0,0.0,90.0,-1.0,205716.99999999985
5.313270182317603,1207.1554175279994,634.0,980.0,0.0,1.0,0.0,90.0,-1.0,205716.99999999985
5.409109284804457,1192.8445824720006,634.0,980.0,0.0,1.0,0.0,90.0,-1.0,256512.9438227767
5.409109284804457,1200.0,634.0,980.0,0.0,1.0,0.0,90.0,-1.0,256512.9438227767
5.409109284804457,1207.1554175279994,634.0,980.0,0.0,1.0,0.0,90.0,-1.0,256512.9438227767
5.587530383290489,1192.8445824720006,634.0,980.0,0.0,1.0,0.0,90.0,-1.0,386839.116994255
5.587530383290489,1200.0,634.0,980.0,0.0,1.0,0.0,90.0,-1.0,386839.116994255
5.587530383290489,1207.1554175279994,634.0,980.0,0.0,1.0,0.0,90.0,-1.0,386839.116994255
5.683369485777344,1192.8445824720006,634.0,980.0,0.0,1.0,0.0,90.0,-1.0,482357.9999999997
5.683369485777344,1207.1554175279994,634.0,980.0,0.0,1.0,0.0,90.0,-1.0,482357.9999999997
5.779208588264198,1192.8445824720006,634.0,980.0,0.0,1.0,0.0,90.0,-1.0,601462.5459075669
5.779208588264198,1200.0,634.0,980.0,0.0,1.0,0.0,90.0,-1.0,601462.5459075669
5.779208588264198,1207.1554175279994,634.0,980.0,0.0,1.0,0.0,90.0,-1.0,601462.5459075669
5.785059626024676,1112.8445824720006,634.0,980.0,0.0,1.0,0.0,90.0,-1.0,609620.5887412796
5.785059626024676,1120.0,634.0,980.0,0.0,1.0,0.0,90.0,-1.0,609620.5887412796
5.785059626024676,1127.1554175279994,634.0,980.0,0.0,1.0,0.0,90.0,-1.0,609620.5887412796
5.88089872851153,1112.8445824720006,634.0,980.0,0.0,1.0,0.0,90.0,-1.0,760149.0000000001
5.88089872851153,1127.1554175279994,634.0,980.0,0.0,1.0,0.0,90.0,-1.0,760149.0000000001
5.976737830998385,1112.8445824720006,634.0,980.0,0.0,1.0,0.0,90.0,-1.0,947846.1076816211
5.976737830998385,1120.0,634.0,980.0,0.0,1.0,0.0,90.0,-1.0,947846.1076816211
5.976737830998385,1127.1554175279994,634.0,980.0,0.0,1.0,0.0,90.0,-1.0,947846.1076816211
6.03332484832004,1034.0133481811617,634.0,980.0,0.0,1.0,0.0,90.0,-1.0,1079754.0664642162
6.03332484832004,1040.0,634.0,980.0,0.0,1.0,0.0,90.0,-1.0,1079754.0664642162
6.03332484832004,1045.9866518188383,634.0,980.0,0.0,1.0,0.0,90.0,-1.0,1079754.0664642162
6.115814798341578,1034.0133481811617,634.0,980.0,0.0,1.0,0.0,90.0,-1.0,1305613.999999999
6.115814798341578,1045.9866518188383,634.0,980.0,0.0,1.0,0.0,90.0,-1.0,1305613.999999999
6.198304748363116,1034.0133481811617,634.0,980.0,0.0,1.0,0.0,90.0,-1.0,1578718.6822810543
6.198304748363116,1040.0,634.0,980.0,0.0,1.0,0.0,90.0,-1.0,1578718.6822810543
6.198304748363116,1045.9866518188383,634.0,980.0,0.0,1.0,0.0,90.0,-1.0,1578718.6822810543
6.682019634561541,960.0,634.0,980.0,0.0,1.0,0.0,90.0,-1.0,4808610.878076791
6.819441209930566,960.0,634.0,980.0,0.0,1.0,0.0,90.0,-1.0,6598439.05717138
7.4670621217427735,960.0,634.0,980.0,0.0,1.0,0.0,90.0,-1.0,29313125.119606853
7.604483697111799,960.0,634.0,980.0,0.0,1.0,0.0,90.0,-1.0,40223855.61676478
6.717918338166089,876.080816411547,634.0,980.0,0.0,1.0,0.0,90.0,-1.0,5222979.703430793
6.717918338166089,880.0,634.0,980.0,0.0,1.0,0.0,90.0,-1.0,5222979.703430793
6.717918338166089,883.919183588453,634.0,980.0,0.0,1.0,0.0,90.0,-1.0,5222979.703430793
6.809945560278987,876.080816411547,634.0,980.0,0.0,1.0,0.0,90.0,-1.0,6455733.0
6.809945560278987,883.919183588453,634.0,980.0,0.0,1.0,0.0,90.0,-1.0,6455733.0
6.901972782391884,876.080816411547,634.0,980.0,0.0,1.0,0.0,90.0,-1.0,7979446.778227601
6.901972782391884,880.0,634.0,980.0,0.0,1.0,0.0,90.0,-1.0,7979446.778227601
6.901972782391884,883.919183588453,634.0,980.0,0.0,1.0,0.0,90.0,-1.0,7979446.778227601
7.961516695782162,1036.080816411547,634.0,980.0,0.0,1.0,0.0,90.0,-1.0,91520144.21142249
7.961516695782162,1040.0,634.0,980.0,0.0,1.0,0.0,90.0,-1.0,91520144.21142249
7.961516695782162,1043.919183588453,634.0,980.0,0.0,1.0,0.0,90.0,-1.0,91520144.21142249
8.052261671176177,1036.080816411547,634.0,980.0,0.0,1.0,0.0,90.0,-1.0,112787682.00000018
8.052261671176177,1043.919183588453,634.0,980.0,0.0,1.0,0.0,90.0,-1.0,112787682.00000018
8.143006646570193,1036.080816411547,634.0,980.0,0.0,1.0,0.0,90.0,-1.0,138997390.36190754
8.143006646570193,1040.0,634.0,980.0,0.0,1.0,0.0,90.0,-1.0,138997390.36190754
8.143006646570193,1043.919183588453,634.0,980.0,0.0,1.0,0.0,90.0,-1.0,138997390.36190754
8.379658950561792,960.0,634.0,980.0,0.0,1.0,0.0,90.0,-1.0,239694986.6150125
8.456378331583695,960.0,634.0,980.0,0.0,1.0,0.0,90.0,-1.0,286008099.13084346
8.413303780834386,960.0,634.0,980.0,0.0,1.0,0.0,90.0,-1.0,259002395.4802933
8.49002316185629,960.0,634.0,980.0,0.0,1.0,0.0,90.0,-1.0,309046024.8992713
8.443210296596876,960.0,634.0,980.0,0.0,1.0,0.0,90.0,-1.0,277466334.3012429
8.519929677618778,960.0,634.0,980.0,0.0,1.0,0.0,90.0,-1.0,331077507.990446
8.547883101153733,960.0,634.0,980.0,0.0,1.0,0.0,90.0,-1.0,353088116.4336332
8.624602482175636,960.0,634.0,980.0,0.0,1.0,0.0,90.0,-1.0,421310693.36495024
8.535351319564917,876.080816411547,634.0,980.0,0.0,1.0,0.0,90.0,-1.0,343045178.3961732
8.535351319564917,880.0,634.0,980.0,0.0,1.0,0.0,90.0,-1.0,343045178.3961732
8.535351319564917,883.919183588453,634.0,980.0,0.0,1.0,0.0,90.0,-1.0,343045178.3961732
8.611813144580587,876.080816411547,634.0,980.0,0.0,1.0,0.0,90.0,-1.0,409084613.0000001
8.611813144580587,883.919183588453,634.0,980.0,0.0,1.0,0.0,90.0,-1.0,409084613.0000001
8.688274969596257,876.080816411547,634.0,980.0,0.0,1.0,0.0,90.0,-1.0,487837262.06491613
8.688274969596257,880.0,634.0,980.0,0.0,1.0,0.0,90.0,-1.0,487837262.06491613
8.688274969596257,883.919183588453,634.0,980.0,0.0,1.0,0.0,90.0,-1.0,487837262.06491613
8.924132507059396,876.080816411547,634.0,980.0,0.0,1.0,0.0,90.0,-1.0,839716152.2086883
8.924132507059396,880.0,634.0,980.0,0.0,1.0,0.0,90.0,-1.0,839716152.2086883
8.924132507059396,883.919183588453,634.0,980.0,0.0,1.0,0.0,90.0,-1.0,839716152.2086883
9.0,876.080816411547,634.0,980.0,0.0,1.0,0.0,90.0,-1.0,1000000000.0
9.0,883.919183588453,634.0,980.0,0.0,1.0,0.0,90.0,-1.0,1000000000.0
9.0,880.0,634.0,980.0,0.0,1.0,0.0,90.0,-1.0,1000000000.0
